TID;Time;Value;FromParticipantId;FromAccountId;ToParticipantId;ToAccountId;Linkcode;SettlementDeadline;Starttime
3300;2024-03-02 14:31:13;11127317.5;6;0;3;0;1768;2024-03-02;2024-03-02 19:30:35
3670;2024-03-02 19:30:33;11127317.5;3;3;6;3;1768;2024-03-02;2024-03-02 19:30:35
3310;2024-03-02 14:37:21;57330432.98;4;4;5;4;663;2024-03-02;2024-03-02 19:31:01
3672;2024-03-02 19:30:59;57330432.98;5;0;4;0;663;2024-03-02;2024-03-02 19:31:01
2750;2024-03-02 06:39:14;20122462.41;4;1;8;1;380;2024-03-02;2024-03-02 19:31:06
3673;2024-03-02 19:31:04;20122462.41;8;0;4;0;380;2024-03-02;2024-03-02 19:31:06
2891;2024-03-02 08:26:36;161362563.02;3;1;1;1;1169;2024-03-04;2024-03-02 19:34:04
3674;2024-03-02 19:34:02;161362563.02;1;0;3;0;1169;2024-03-04;2024-03-02 19:34:04
2682;2024-03-02 05:46:58;78842120.23;7;0;3;0;340;2024-03-02;2024-03-02 19:34:07
3675;2024-03-02 19:34:05;78842120.23;3;1;7;1;340;2024-03-02;2024-03-02 19:34:07
2472;2024-03-02 02:57:47;171214298.98;6;2;1;2;1302;2024-03-03;2024-03-02 19:34:08
3676;2024-03-02 19:34:06;171214298.98;1;0;6;0;1302;2024-03-03;2024-03-02 19:34:08
2940;2024-03-02 09:09:08;74294887.55;7;0;6;0;42;2024-03-03;2024-03-02 19:35:37
3677;2024-03-02 19:35:35;74294887.55;6;3;7;3;42;2024-03-03;2024-03-02 19:35:37
960;2024-03-01 09:29:23;19958649.6;5;0;6;0;613;2024-03-01;2024-03-02 19:36:20
3678;2024-03-02 19:36:18;19958649.6;6;2;5;2;613;2024-03-01;2024-03-02 19:36:20
3156;2024-03-02 12:34:47;37486737.41;8;0;1;0;1758;2024-03-03;2024-03-02 19:36:32
3679;2024-03-02 19:36:30;37486737.41;1;2;8;2;1758;2024-03-03;2024-03-02 19:36:32
2361;2024-03-02 01:37:10;47805326.48;3;1;5;1;232;2024-03-02;2024-03-02 19:36:42
3680;2024-03-02 19:36:40;47805326.48;5;0;3;0;232;2024-03-02;2024-03-02 19:36:42
2067;2024-03-02 00:09:54;55691771.26;3;3;4;3;1551;2024-03-02;2024-03-02 19:37:21
3681;2024-03-02 19:37:19;55691771.26;4;0;3;0;1551;2024-03-02;2024-03-02 19:37:21
2212;2024-03-02 00:54:06;75275506.21;5;0;3;0;1535;2024-03-02;2024-03-02 19:37:34
3682;2024-03-02 19:37:32;75275506.21;3;3;5;3;1535;2024-03-02;2024-03-02 19:37:34
3598;2024-03-02 18:31:28;53027107.07;2;0;3;0;1280;2024-03-02;2024-03-02 19:37:54
3683;2024-03-02 19:37:52;53027107.07;3;2;2;2;1280;2024-03-02;2024-03-02 19:37:54
412;2024-03-01 02:22:34;58580425.7;7;0;1;0;517;2024-03-02;2024-03-02 19:38:42
3684;2024-03-02 19:38:40;58580425.7;1;1;7;1;517;2024-03-02;2024-03-02 19:38:42
1286;2024-03-01 13:58:11;17219108.74;8;0;6;0;1953;2024-03-02;2024-03-02 19:40:36
3685;2024-03-02 19:40:34;17219108.74;6;3;8;3;1953;2024-03-02;2024-03-02 19:40:36
2202;2024-03-02 00:51:26;2894347.42;3;2;8;2;1309;2024-03-02;2024-03-02 19:42:29
3687;2024-03-02 19:42:27;2894347.42;8;0;3;0;1309;2024-03-02;2024-03-02 19:42:29
3171;2024-03-02 12:46:09;5215229.95;7;4;8;4;1391;2024-03-02;2024-03-02 19:42:41
3688;2024-03-02 19:42:39;5215229.95;8;0;7;0;1391;2024-03-02;2024-03-02 19:42:41
421;2024-03-01 02:27:47;54027538.35;3;4;5;4;62;2024-03-01;2024-03-02 19:43:11
3689;2024-03-02 19:43:09;54027538.35;5;0;3;0;62;2024-03-01;2024-03-02 19:43:11
2427;2024-03-02 02:30:51;175274728.75;1;3;7;3;1186;2024-03-04;2024-03-02 19:43:55
3690;2024-03-02 19:43:53;175274728.75;7;0;1;0;1186;2024-03-04;2024-03-02 19:43:55
2696;2024-03-02 05:57:19;76987881.23;5;0;2;0;1618;2024-03-03;2024-03-02 19:45:00
3692;2024-03-02 19:44:58;76987881.23;2;2;5;2;1618;2024-03-03;2024-03-02 19:45:00
3307;2024-03-02 14:36:03;104414508.82;4;0;1;0;1123;2024-03-03;2024-03-02 19:45:30
3693;2024-03-02 19:45:28;104414508.82;1;4;4;4;1123;2024-03-03;2024-03-02 19:45:30
3561;2024-03-02 18:02:56;17557724.86;3;3;8;3;895;2024-03-03;2024-03-02 19:45:37
3694;2024-03-02 19:45:35;17557724.86;8;0;3;0;895;2024-03-03;2024-03-02 19:45:37
2096;2024-03-02 00:22:40;31489042.09;5;0;1;0;1978;2024-03-03;2024-03-02 19:47:16
3695;2024-03-02 19:47:14;31489042.09;1;4;5;4;1978;2024-03-03;2024-03-02 19:47:16
3271;2024-03-02 14:10:39;103092974.78;2;0;1;0;993;2024-03-02;2024-03-02 19:48:46
3697;2024-03-02 19:48:44;103092974.78;1;1;2;1;993;2024-03-02;2024-03-02 19:48:46
2671;2024-03-02 05:42:10;41653643.86;8;0;6;0;1563;2024-03-02;2024-03-02 19:49:19
3698;2024-03-02 19:49:17;41653643.86;6;4;8;4;1563;2024-03-02;2024-03-02 19:49:19
3636;2024-03-02 19:06:36;16702770.5;7;1;2;1;1202;2024-03-03;2024-03-02 19:51:42
3699;2024-03-02 19:51:40;16702770.5;2;0;7;0;1202;2024-03-03;2024-03-02 19:51:42
623;2024-03-01 05:05:26;53011487.53;1;2;6;2;315;2024-03-03;2024-03-02 19:54:37
3701;2024-03-02 19:54:35;53011487.53;6;0;1;0;315;2024-03-03;2024-03-02 19:54:37
2271;2024-03-02 01:07:56;72119521.8;4;4;1;4;18;2024-03-03;2024-03-02 19:54:43
3702;2024-03-02 19:54:41;72119521.8;1;0;4;0;18;2024-03-03;2024-03-02 19:54:43
2905;2024-03-02 08:37:46;95363232.22;3;3;4;3;131;2024-03-02;2024-03-02 19:55:28
3703;2024-03-02 19:55:26;95363232.22;4;0;3;0;131;2024-03-02;2024-03-02 19:55:28
3537;2024-03-02 17:47:37;34829468.64;1;2;7;2;264;2024-03-02;2024-03-02 19:56:03
3704;2024-03-02 19:56:01;34829468.64;7;0;1;0;264;2024-03-02;2024-03-02 19:56:03
2929;2024-03-02 08:57:32;77315883.62;7;2;3;2;127;2024-03-02;2024-03-02 19:56:12
3705;2024-03-02 19:56:10;77315883.62;3;0;7;0;127;2024-03-02;2024-03-02 19:56:12
3569;2024-03-02 18:09:15;47274840.18;5;0;2;0;1888;2024-03-03;2024-03-02 19:56:50
3706;2024-03-02 19:56:48;47274840.18;2;2;5;2;1888;2024-03-03;2024-03-02 19:56:50
2579;2024-03-02 04:19:54;92381700.6;7;2;4;2;1142;2024-03-02;2024-03-02 19:59:24
3707;2024-03-02 19:59:22;92381700.6;4;0;7;0;1142;2024-03-02;2024-03-02 19:59:24
2615;2024-03-02 04:53:47;34872064.4;1;4;8;4;732;2024-03-02;2024-03-02 19:59:38
3708;2024-03-02 19:59:36;34872064.4;8;0;1;0;732;2024-03-02;2024-03-02 19:59:38
2237;2024-03-02 00:58:49;45787973.8;3;4;6;4;1805;2024-03-03;2024-03-02 20:01:42
3709;2024-03-02 20:01:40;45787973.8;6;0;3;0;1805;2024-03-03;2024-03-02 20:01:42
3512;2024-03-02 17:26:38;59197689.28;1;0;7;0;90;2024-03-02;2024-03-02 20:02:27
3710;2024-03-02 20:02:25;59197689.28;7;2;1;2;90;2024-03-02;2024-03-02 20:02:27
2796;2024-03-02 07:16:37;108259600.09;6;3;7;3;1316;2024-03-03;2024-03-02 20:02:54
3711;2024-03-02 20:02:52;108259600.09;7;0;6;0;1316;2024-03-03;2024-03-02 20:02:54
2052;2024-03-02 00:05:23;12623476.29;5;0;2;0;1957;2024-03-03;2024-03-02 20:03:25
3713;2024-03-02 20:03:23;12623476.29;2;2;5;2;1957;2024-03-03;2024-03-02 20:03:25
2716;2024-03-02 06:17:03;43457493.0;8;3;6;3;1021;2024-03-04;2024-03-02 20:04:59
3714;2024-03-02 20:04:57;43457493.0;6;0;8;0;1021;2024-03-04;2024-03-02 20:04:59
3332;2024-03-02 14:54:17;124914900.07;7;0;8;0;697;2024-03-02;2024-03-02 20:06:52
3715;2024-03-02 20:06:50;124914900.07;8;1;7;1;697;2024-03-02;2024-03-02 20:06:52
2487;2024-03-02 03:10:12;78201125.94;5;3;3;3;1699;2024-03-02;2024-03-02 20:09:41
3716;2024-03-02 20:09:39;78201125.94;3;0;5;0;1699;2024-03-02;2024-03-02 20:09:41
3000;2024-03-02 10:03:00;49323466.0;4;2;2;2;1298;2024-03-02;2024-03-02 20:10:03
3717;2024-03-02 20:10:01;49323466.0;2;0;4;0;1298;2024-03-02;2024-03-02 20:10:03
2527;2024-03-02 03:37:47;79701333.86;3;0;1;0;1508;2024-03-04;2024-03-02 20:10:53
3719;2024-03-02 20:10:51;79701333.86;1;4;3;4;1508;2024-03-04;2024-03-02 20:10:53
2710;2024-03-02 06:11:33;68043157.36;8;4;1;4;507;2024-03-03;2024-03-02 20:11:05
3720;2024-03-02 20:11:03;68043157.36;1;0;8;0;507;2024-03-03;2024-03-02 20:11:05
2140;2024-03-02 00:32:40;52747982.66;3;2;4;2;1418;2024-03-02;2024-03-02 20:13:21
3721;2024-03-02 20:13:19;52747982.66;4;0;3;0;1418;2024-03-02;2024-03-02 20:13:21
3167;2024-03-02 12:44:01;200516269.52;6;2;7;2;1995;2024-03-02;2024-03-02 20:13:26
3722;2024-03-02 20:13:24;200516269.52;7;0;6;0;1995;2024-03-02;2024-03-02 20:13:26
3128;2024-03-02 12:05:02;56220703.57;3;0;4;0;381;2024-03-02;2024-03-02 20:14:09
3723;2024-03-02 20:14:07;56220703.57;4;1;3;1;381;2024-03-02;2024-03-02 20:14:09
2250;2024-03-02 01:03:17;11525220.71;3;0;1;0;1245;2024-03-03;2024-03-02 20:14:38
3724;2024-03-02 20:14:36;11525220.71;1;2;3;2;1245;2024-03-03;2024-03-02 20:14:38
2105;2024-03-02 00:25:01;15063931.39;1;3;5;3;369;2024-03-04;2024-03-02 20:14:47
3725;2024-03-02 20:14:45;15063931.39;5;0;1;0;369;2024-03-04;2024-03-02 20:14:47
2240;2024-03-02 01:00:33;64450827.96;2;0;5;0;774;2024-03-02;2024-03-02 20:15:02
3726;2024-03-02 20:15:00;64450827.96;5;2;2;2;774;2024-03-02;2024-03-02 20:15:02
3033;2024-03-02 10:28:35;4839027.38;6;0;4;0;1431;2024-03-03;2024-03-02 20:15:58
3727;2024-03-02 20:15:56;4839027.38;4;4;6;4;1431;2024-03-03;2024-03-02 20:15:58
3258;2024-03-02 14:03:18;41782147.24;3;4;6;4;1020;2024-03-03;2024-03-02 20:17:03
3728;2024-03-02 20:17:01;41782147.24;6;0;3;0;1020;2024-03-03;2024-03-02 20:17:03
2283;2024-03-02 01:09:54;26126196.38;1;1;6;1;1405;2024-03-02;2024-03-02 20:17:21
3730;2024-03-02 20:17:19;26126196.38;6;0;1;0;1405;2024-03-02;2024-03-02 20:17:21
3369;2024-03-02 15:23:32;41399018.51;5;0;6;0;1969;2024-03-02;2024-03-02 20:17:34
3731;2024-03-02 20:17:32;41399018.51;6;1;5;1;1969;2024-03-02;2024-03-02 20:17:34
2122;2024-03-02 00:28:28;41232402.55;6;0;3;0;1676;2024-03-04;2024-03-02 20:17:39
3732;2024-03-02 20:17:37;41232402.55;3;2;6;2;1676;2024-03-04;2024-03-02 20:17:39
3371;2024-03-02 15:25:30;52423912.09;8;2;6;2;964;2024-03-03;2024-03-02 20:18:15
3733;2024-03-02 20:18:13;52423912.09;6;0;8;0;964;2024-03-03;2024-03-02 20:18:15
3627;2024-03-02 18:59:14;29626996.66;6;0;7;0;1880;2024-03-03;2024-03-02 20:20:05
3734;2024-03-02 20:20:03;29626996.66;7;2;6;2;1880;2024-03-03;2024-03-02 20:20:05
3293;2024-03-02 14:25:24;83568541.95;6;2;4;2;44;2024-03-03;2024-03-02 20:21:05
3735;2024-03-02 20:21:03;83568541.95;4;0;6;0;44;2024-03-03;2024-03-02 20:21:05
3110;2024-03-02 11:39:35;93694334.42;7;4;2;4;921;2024-03-02;2024-03-02 20:23:17
3736;2024-03-02 20:23:15;93694334.42;2;0;7;0;921;2024-03-02;2024-03-02 20:23:17
2045;2024-03-02 00:04:00;100375440.77;1;2;2;2;54;2024-03-02;2024-03-02 20:23:31
3737;2024-03-02 20:23:29;100375440.77;2;0;1;0;54;2024-03-02;2024-03-02 20:23:31
3519;2024-03-02 17:34:18;36502947.63;1;1;8;1;1646;2024-03-02;2024-03-02 20:23:34
3738;2024-03-02 20:23:32;36502947.63;8;0;1;0;1646;2024-03-02;2024-03-02 20:23:34
2941;2024-03-02 09:11:11;84687866.22;4;2;5;2;1581;2024-03-02;2024-03-02 20:24:13
3739;2024-03-02 20:24:11;84687866.22;5;0;4;0;1581;2024-03-02;2024-03-02 20:24:13
3298;2024-03-02 14:29:43;224495245.81;1;0;8;0;296;2024-03-02;2024-03-02 20:25:51
3740;2024-03-02 20:25:49;224495245.81;8;2;1;2;296;2024-03-02;2024-03-02 20:25:51
3198;2024-03-02 13:04:53;29613579.43;6;0;4;0;564;2024-03-03;2024-03-02 20:26:55
3741;2024-03-02 20:26:53;29613579.43;4;4;6;4;564;2024-03-03;2024-03-02 20:26:55
3287;2024-03-02 14:23:22;132808755.92;5;1;1;1;1627;2024-03-04;2024-03-02 20:28:21
3742;2024-03-02 20:28:19;132808755.92;1;0;5;0;1627;2024-03-04;2024-03-02 20:28:21
3340;2024-03-02 15:02:00;173488380.18;4;1;7;1;1972;2024-03-03;2024-03-02 20:28:49
3743;2024-03-02 20:28:47;173488380.18;7;0;4;0;1972;2024-03-03;2024-03-02 20:28:49
2479;2024-03-02 03:03:22;81214788.68;8;1;4;1;1710;2024-03-02;2024-03-02 20:29:31
3744;2024-03-02 20:29:29;81214788.68;4;0;8;0;1710;2024-03-02;2024-03-02 20:29:31
2418;2024-03-02 02:17:43;106642918.99;2;2;3;2;1131;2024-03-04;2024-03-02 20:29:41
3745;2024-03-02 20:29:39;106642918.99;3;0;2;0;1131;2024-03-04;2024-03-02 20:29:41
2332;2024-03-02 01:23:54;34031718.97;6;3;8;3;349;2024-03-03;2024-03-02 20:35:29
3748;2024-03-02 20:35:27;34031718.97;8;0;6;0;349;2024-03-03;2024-03-02 20:35:29
2805;2024-03-02 07:23:32;85277882.65;8;2;5;2;867;2024-03-03;2024-03-02 20:38:32
3749;2024-03-02 20:38:30;85277882.65;5;0;8;0;867;2024-03-03;2024-03-02 20:38:32
2899;2024-03-02 08:30:23;203747680.98;1;0;8;0;1971;2024-03-02;2024-03-02 20:38:53
3750;2024-03-02 20:38:51;203747680.98;8;1;1;1;1971;2024-03-02;2024-03-02 20:38:53
2525;2024-03-02 03:36:53;16746647.03;7;0;2;0;1988;2024-03-02;2024-03-02 20:39:13
3751;2024-03-02 20:39:11;16746647.03;2;3;7;3;1988;2024-03-02;2024-03-02 20:39:13
1858;2024-03-01 21:52:10;192471065.76;7;0;1;0;1304;2024-03-02;2024-03-02 20:39:16
3752;2024-03-02 20:39:14;192471065.76;1;2;7;2;1304;2024-03-02;2024-03-02 20:39:16
2950;2024-03-02 09:17:43;22036747.07;2;4;5;4;1546;2024-03-02;2024-03-02 20:40:57
3753;2024-03-02 20:40:55;22036747.07;5;0;2;0;1546;2024-03-02;2024-03-02 20:40:57
2425;2024-03-02 02:28:20;20215428.82;5;2;6;2;346;2024-03-02;2024-03-02 20:41:48
3754;2024-03-02 20:41:46;20215428.82;6;0;5;0;346;2024-03-02;2024-03-02 20:41:48
3650;2024-03-02 19:17:21;30262376.34;8;0;6;0;1672;2024-03-04;2024-03-02 20:43:43
3755;2024-03-02 20:43:41;30262376.34;6;4;8;4;1672;2024-03-04;2024-03-02 20:43:43
2106;2024-03-02 00:25:14;177913545.52;8;2;1;2;1330;2024-03-02;2024-03-02 20:46:12
3758;2024-03-02 20:46:10;177913545.52;1;0;8;0;1330;2024-03-02;2024-03-02 20:46:12
2789;2024-03-02 07:15:07;247255834.76;7;0;5;0;1518;2024-03-03;2024-03-02 20:46:30
3759;2024-03-02 20:46:28;247255834.76;5;1;7;1;1518;2024-03-03;2024-03-02 20:46:30
2790;2024-03-02 07:15:09;243184837.73;7;0;8;0;1917;2024-03-03;2024-03-02 20:46:51
3760;2024-03-02 20:46:49;243184837.73;8;4;7;4;1917;2024-03-03;2024-03-02 20:46:51
3458;2024-03-02 16:42:21;84819935.97;6;3;5;3;579;2024-03-02;2024-03-02 20:47:19
3761;2024-03-02 20:47:17;84819935.97;5;0;6;0;579;2024-03-02;2024-03-02 20:47:19
2869;2024-03-02 08:10:27;102058667.82;3;0;1;0;1514;2024-03-03;2024-03-02 20:47:20
3762;2024-03-02 20:47:18;102058667.82;1;3;3;3;1514;2024-03-03;2024-03-02 20:47:20
38;2024-03-01 00:09:39;16383829.49;8;0;1;0;1771;2024-03-01;2024-03-02 20:48:21
3763;2024-03-02 20:48:19;16383829.49;1;3;8;3;1771;2024-03-01;2024-03-02 20:48:21
2183;2024-03-02 00:46:56;44460720.07;6;0;7;0;604;2024-03-02;2024-03-02 20:49:12
3764;2024-03-02 20:49:10;44460720.07;7;2;6;2;604;2024-03-02;2024-03-02 20:49:12
3174;2024-03-02 12:46:52;58927952.3;7;2;2;2;1924;2024-03-02;2024-03-02 20:49:40
3765;2024-03-02 20:49:38;58927952.3;2;0;7;0;1924;2024-03-02;2024-03-02 20:49:40
3610;2024-03-02 18:44:02;179530008.68;7;0;4;0;1920;2024-03-02;2024-03-02 20:50:44
3766;2024-03-02 20:50:42;179530008.68;4;1;7;1;1920;2024-03-02;2024-03-02 20:50:44
2367;2024-03-02 01:42:29;50266521.48;2;3;4;3;1669;2024-03-04;2024-03-02 20:50:49
3767;2024-03-02 20:50:47;50266521.48;4;0;2;0;1669;2024-03-04;2024-03-02 20:50:49
31;2024-03-01 00:07:00;32473432.7;2;0;4;0;1356;2024-03-02;2024-03-02 20:53:05
3768;2024-03-02 20:53:03;32473432.7;4;3;2;3;1356;2024-03-02;2024-03-02 20:53:05
1305;2024-03-01 14:12:45;12006612.74;6;0;4;0;1140;2024-03-01;2024-03-02 20:54:05
3769;2024-03-02 20:54:03;12006612.74;4;3;6;3;1140;2024-03-01;2024-03-02 20:54:05
2232;2024-03-02 00:58:18;48905108.16;7;2;5;2;1643;2024-03-02;2024-03-02 20:54:39
3770;2024-03-02 20:54:37;48905108.16;5;0;7;0;1643;2024-03-02;2024-03-02 20:54:39
2894;2024-03-02 08:28:53;21343432.88;6;0;4;0;1899;2024-03-04;2024-03-02 20:56:11
3771;2024-03-02 20:56:09;21343432.88;4;1;6;1;1899;2024-03-04;2024-03-02 20:56:11
3467;2024-03-02 16:50:29;80065075.53;7;4;3;4;1205;2024-03-02;2024-03-02 20:57:48
3772;2024-03-02 20:57:46;80065075.53;3;0;7;0;1205;2024-03-02;2024-03-02 20:57:48
2469;2024-03-02 02:52:42;77874840.0;5;4;3;4;756;2024-03-03;2024-03-02 20:57:52
3773;2024-03-02 20:57:50;77874840.0;3;0;5;0;756;2024-03-03;2024-03-02 20:57:52
2339;2024-03-02 01:25:48;10812612.08;6;0;5;0;1559;2024-03-04;2024-03-02 21:00:40
3774;2024-03-02 21:00:38;10812612.08;5;2;6;2;1559;2024-03-04;2024-03-02 21:00:40
3196;2024-03-02 13:01:51;44843633.0;7;3;5;3;976;2024-03-03;2024-03-02 21:01:14
3775;2024-03-02 21:01:12;44843633.0;5;0;7;0;976;2024-03-03;2024-03-02 21:01:14
2842;2024-03-02 07:46:46;170402240.58;5;2;1;2;325;2024-03-02;2024-03-02 21:03:21
3776;2024-03-02 21:03:19;170402240.58;1;0;5;0;325;2024-03-02;2024-03-02 21:03:21
2359;2024-03-02 01:36:14;37311603.18;1;1;5;1;962;2024-03-03;2024-03-02 21:04:27
3777;2024-03-02 21:04:25;37311603.18;5;0;1;0;962;2024-03-03;2024-03-02 21:04:27
3547;2024-03-02 17:57:06;42954267.98;5;4;6;4;356;2024-03-02;2024-03-02 21:05:16
3778;2024-03-02 21:05:14;42954267.98;6;0;5;0;356;2024-03-02;2024-03-02 21:05:16
2269;2024-03-02 01:07:33;102401418.09;4;3;7;3;965;2024-03-02;2024-03-02 21:05:17
3779;2024-03-02 21:05:15;102401418.09;7;0;4;0;965;2024-03-02;2024-03-02 21:05:17
2095;2024-03-02 00:22:27;215356733.01;1;0;8;0;266;2024-03-03;2024-03-02 21:05:20
3780;2024-03-02 21:05:18;215356733.01;8;1;1;1;266;2024-03-03;2024-03-02 21:05:20
2100;2024-03-02 00:23:18;50137056.91;8;0;2;0;219;2024-03-02;2024-03-02 21:05:29
3781;2024-03-02 21:05:27;50137056.91;2;3;8;3;219;2024-03-02;2024-03-02 21:05:29
1374;2024-03-01 15:05:16;11881021.66;1;1;2;1;1821;2024-03-01;2024-03-02 21:06:19
3782;2024-03-02 21:06:17;11881021.66;2;0;1;0;1821;2024-03-01;2024-03-02 21:06:19
3262;2024-03-02 14:05:29;83964299.72;2;4;5;4;1347;2024-03-02;2024-03-02 21:06:21
3783;2024-03-02 21:06:19;83964299.72;5;0;2;0;1347;2024-03-02;2024-03-02 21:06:21
1173;2024-03-01 12:25:08;26004100.83;4;1;8;1;1069;2024-03-02;2024-03-02 21:08:11
3785;2024-03-02 21:08:09;26004100.83;8;0;4;0;1069;2024-03-02;2024-03-02 21:08:11
896;2024-03-01 08:39:44;31006285.3;8;1;5;1;803;2024-03-02;2024-03-02 21:08:39
3786;2024-03-02 21:08:37;31006285.3;5;0;8;0;803;2024-03-02;2024-03-02 21:08:39
2142;2024-03-02 00:32:54;25828655.33;1;3;6;3;109;2024-03-03;2024-03-02 21:08:46
3787;2024-03-02 21:08:44;25828655.33;6;0;1;0;109;2024-03-03;2024-03-02 21:08:46
2101;2024-03-02 00:23:45;104406132.44;5;1;2;1;1498;2024-03-02;2024-03-02 21:08:50
3788;2024-03-02 21:08:48;104406132.44;2;0;5;0;1498;2024-03-02;2024-03-02 21:08:50
2668;2024-03-02 05:36:34;98861047.29;1;0;4;0;733;2024-03-03;2024-03-02 21:09:04
3789;2024-03-02 21:09:02;98861047.29;4;1;1;1;733;2024-03-03;2024-03-02 21:09:04
3347;2024-03-02 15:08:31;193244017.69;7;0;4;0;987;2024-03-04;2024-03-02 21:12:00
3790;2024-03-02 21:11:58;193244017.69;4;4;7;4;987;2024-03-04;2024-03-02 21:12:00
2585;2024-03-02 04:25:08;94273190.8;2;0;5;0;1904;2024-03-02;2024-03-02 21:12:29
3791;2024-03-02 21:12:27;94273190.8;5;2;2;2;1904;2024-03-02;2024-03-02 21:12:29
3700;2024-03-02 19:53:29;50019651.32;4;4;6;4;611;2024-03-03;2024-03-02 21:14:06
3792;2024-03-02 21:14:04;50019651.32;6;0;4;0;611;2024-03-03;2024-03-02 21:14:06
3143;2024-03-02 12:21:10;42492341.71;3;4;6;4;1177;2024-03-02;2024-03-02 21:14:11
3793;2024-03-02 21:14:09;42492341.71;6;0;3;0;1177;2024-03-02;2024-03-02 21:14:11
1569;2024-03-01 18:01:53;33687871.52;4;0;3;0;1803;2024-03-02;2024-03-02 21:14:40
3794;2024-03-02 21:14:38;33687871.52;3;1;4;1;1803;2024-03-02;2024-03-02 21:14:40
2168;2024-03-02 00:41:22;49863185.62;6;1;5;1;1748;2024-03-02;2024-03-02 21:14:53
3795;2024-03-02 21:14:51;49863185.62;5;0;6;0;1748;2024-03-02;2024-03-02 21:14:53
1597;2024-03-01 18:32:11;147701813.02;8;1;1;1;548;2024-03-01;2024-03-02 21:16:20
3796;2024-03-02 21:16:18;147701813.02;1;0;8;0;548;2024-03-01;2024-03-02 21:16:20
2909;2024-03-02 08:43:03;93176191.65;6;1;2;1;124;2024-03-03;2024-03-02 21:16:44
3798;2024-03-02 21:16:42;93176191.65;2;0;6;0;124;2024-03-03;2024-03-02 21:16:44
2061;2024-03-02 00:08:00;46184539.86;2;4;8;4;425;2024-03-02;2024-03-02 21:16:52
3799;2024-03-02 21:16:50;46184539.86;8;0;2;0;425;2024-03-02;2024-03-02 21:16:52
2200;2024-03-02 00:51:15;13321324.32;1;1;3;1;181;2024-03-02;2024-03-02 21:17:04
3800;2024-03-02 21:17:02;13321324.32;3;0;1;0;181;2024-03-02;2024-03-02 21:17:04
3691;2024-03-02 19:44:05;80107316.11;2;0;6;0;598;2024-03-04;2024-03-02 21:17:41
3801;2024-03-02 21:17:39;80107316.11;6;4;2;4;598;2024-03-04;2024-03-02 21:17:41
2296;2024-03-02 01:12:28;97668368.09;5;4;2;4;435;2024-03-04;2024-03-02 21:18:01
3802;2024-03-02 21:17:59;97668368.09;2;0;5;0;435;2024-03-04;2024-03-02 21:18:01
3408;2024-03-02 16:04:29;45015980.65;2;0;3;0;184;2024-03-03;2024-03-02 21:19:14
3803;2024-03-02 21:19:12;45015980.65;3;3;2;3;184;2024-03-03;2024-03-02 21:19:14
2785;2024-03-02 07:12:22;83294319.55;3;0;1;0;1536;2024-03-02;2024-03-02 21:19:23
3804;2024-03-02 21:19:21;83294319.55;1;1;3;1;1536;2024-03-02;2024-03-02 21:19:23
2651;2024-03-02 05:24:26;32704909.58;8;0;6;0;1609;2024-03-03;2024-03-02 21:19:33
3805;2024-03-02 21:19:31;32704909.58;6;2;8;2;1609;2024-03-03;2024-03-02 21:19:33
3493;2024-03-02 17:10:12;32417391.86;4;0;7;0;1484;2024-03-02;2024-03-02 21:20:07
3806;2024-03-02 21:20:05;32417391.86;7;2;4;2;1484;2024-03-02;2024-03-02 21:20:07
2518;2024-03-02 03:32:34;38132300.54;7;3;8;3;843;2024-03-03;2024-03-02 21:20:52
3807;2024-03-02 21:20:50;38132300.54;8;0;7;0;843;2024-03-03;2024-03-02 21:20:52
2068;2024-03-02 00:10:08;43311216.6;7;0;3;0;1910;2024-03-02;2024-03-02 21:21:12
3808;2024-03-02 21:21:10;43311216.6;3;2;7;2;1910;2024-03-02;2024-03-02 21:21:12
3756;2024-03-02 20:44:13;157392043.03;1;0;2;0;45;2024-03-03;2024-03-02 21:21:34
3809;2024-03-02 21:21:32;157392043.03;2;3;1;3;45;2024-03-03;2024-03-02 21:21:34
3784;2024-03-02 21:07:45;203350897.77;1;0;8;0;1707;2024-03-02;2024-03-02 21:22:19
3810;2024-03-02 21:22:17;203350897.77;8;1;1;1;1707;2024-03-02;2024-03-02 21:22:19
2210;2024-03-02 00:53:50;98601864.6;4;2;2;2;511;2024-03-02;2024-03-02 21:24:54
3811;2024-03-02 21:24:52;98601864.6;2;0;4;0;511;2024-03-02;2024-03-02 21:24:54
2470;2024-03-02 02:56:20;7742495.41;4;4;6;4;1639;2024-03-02;2024-03-02 21:29:41
3813;2024-03-02 21:29:39;7742495.41;6;0;4;0;1639;2024-03-02;2024-03-02 21:29:41
2833;2024-03-02 07:40:27;43004068.67;2;0;8;0;1974;2024-03-02;2024-03-02 21:31:23
3815;2024-03-02 21:31:21;43004068.67;8;2;2;2;1974;2024-03-02;2024-03-02 21:31:23
2927;2024-03-02 08:56:39;12347473.71;3;0;8;0;1207;2024-03-03;2024-03-02 21:32:29
3816;2024-03-02 21:32:27;12347473.71;8;1;3;1;1207;2024-03-03;2024-03-02 21:32:29
2450;2024-03-02 02:44:02;96977777.64;5;3;2;3;818;2024-03-04;2024-03-02 21:34:16
3817;2024-03-02 21:34:14;96977777.64;2;0;5;0;818;2024-03-04;2024-03-02 21:34:16
2433;2024-03-02 02:35:18;40519146.43;3;0;1;0;1275;2024-03-04;2024-03-02 21:34:19
3818;2024-03-02 21:34:17;40519146.43;1;3;3;3;1275;2024-03-04;2024-03-02 21:34:19
3134;2024-03-02 12:13:35;45186292.79;4;0;5;0;1558;2024-03-03;2024-03-02 21:34:37
3819;2024-03-02 21:34:35;45186292.79;5;2;4;2;1558;2024-03-03;2024-03-02 21:34:37
2736;2024-03-02 06:29:53;70250494.39;5;0;3;0;277;2024-03-04;2024-03-02 21:34:50
3820;2024-03-02 21:34:48;70250494.39;3;4;5;4;277;2024-03-04;2024-03-02 21:34:50
3568;2024-03-02 18:08:32;8724399.3;5;0;6;0;1499;2024-03-03;2024-03-02 21:36:50
3821;2024-03-02 21:36:48;8724399.3;6;3;5;3;1499;2024-03-03;2024-03-02 21:36:50
2769;2024-03-02 06:58:49;187815736.28;1;0;3;0;1171;2024-03-03;2024-03-02 21:37:39
3822;2024-03-02 21:37:37;187815736.28;3;2;1;2;1171;2024-03-03;2024-03-02 21:37:39
2966;2024-03-02 09:33:36;50456872.58;2;3;6;3;1537;2024-03-04;2024-03-02 21:38:47
3823;2024-03-02 21:38:45;50456872.58;6;0;2;0;1537;2024-03-04;2024-03-02 21:38:47
3370;2024-03-02 15:23:46;18871488.49;6;3;1;3;3;2024-03-02;2024-03-02 21:39:28
3824;2024-03-02 21:39:26;18871488.49;1;0;6;0;3;2024-03-02;2024-03-02 21:39:28
2618;2024-03-02 04:55:18;232692674.15;7;0;8;0;87;2024-03-02;2024-03-02 21:39:30
3825;2024-03-02 21:39:28;232692674.15;8;4;7;4;87;2024-03-02;2024-03-02 21:39:30
3686;2024-03-02 19:41:17;34297119.23;7;3;5;3;1379;2024-03-03;2024-03-02 21:39:42
3826;2024-03-02 21:39:40;34297119.23;5;0;7;0;1379;2024-03-03;2024-03-02 21:39:42
2650;2024-03-02 05:24:22;22923555.8;8;0;4;0;1532;2024-03-02;2024-03-02 21:40:14
3827;2024-03-02 21:40:12;22923555.8;4;1;8;1;1532;2024-03-02;2024-03-02 21:40:14
2228;2024-03-02 00:57:38;26301340.69;7;3;6;3;950;2024-03-02;2024-03-02 21:41:02
3828;2024-03-02 21:41:00;26301340.69;6;0;7;0;950;2024-03-02;2024-03-02 21:41:02
3301;2024-03-02 14:31:41;72330854.63;5;0;4;0;1689;2024-03-02;2024-03-02 21:44:30
3829;2024-03-02 21:44:28;72330854.63;4;2;5;2;1689;2024-03-02;2024-03-02 21:44:30
3592;2024-03-02 18:19:23;77047545.12;5;0;6;0;1209;2024-03-02;2024-03-02 21:44:42
3830;2024-03-02 21:44:40;77047545.12;6;3;5;3;1209;2024-03-02;2024-03-02 21:44:42
2841;2024-03-02 07:46:41;67153895.07;8;1;1;1;444;2024-03-03;2024-03-02 21:45:38
3831;2024-03-02 21:45:36;67153895.07;1;0;8;0;444;2024-03-03;2024-03-02 21:45:38
360;2024-03-01 01:34:48;25911954.48;3;4;2;4;368;2024-03-01;2024-03-02 21:46:18
3832;2024-03-02 21:46:16;25911954.48;2;0;3;0;368;2024-03-01;2024-03-02 21:46:18
3322;2024-03-02 14:48:56;70567339.86;3;0;1;0;148;2024-03-02;2024-03-02 21:46:43
3833;2024-03-02 21:46:41;70567339.86;1;3;3;3;148;2024-03-02;2024-03-02 21:46:43
3747;2024-03-02 20:35:12;20989930.71;5;0;8;0;1348;2024-03-02;2024-03-02 21:47:13
3834;2024-03-02 21:47:11;20989930.71;8;1;5;1;1348;2024-03-02;2024-03-02 21:47:13
3530;2024-03-02 17:43:41;82022133.51;3;1;4;1;593;2024-03-04;2024-03-02 21:47:39
3835;2024-03-02 21:47:37;82022133.51;4;0;3;0;593;2024-03-04;2024-03-02 21:47:39
3396;2024-03-02 15:52:58;101133748.58;1;0;8;0;1126;2024-03-03;2024-03-02 21:48:08
3836;2024-03-02 21:48:06;101133748.58;8;2;1;2;1126;2024-03-03;2024-03-02 21:48:08
203;2024-03-01 00:52:46;23853952.59;8;4;5;4;669;2024-03-01;2024-03-02 21:48:35
3837;2024-03-02 21:48:33;23853952.59;5;0;8;0;669;2024-03-01;2024-03-02 21:48:35
3565;2024-03-02 18:06:20;189602509.69;7;0;1;0;1093;2024-03-03;2024-03-02 21:48:49
3838;2024-03-02 21:48:47;189602509.69;1;3;7;3;1093;2024-03-03;2024-03-02 21:48:49
267;2024-03-01 01:09:03;15389848.67;6;0;1;0;1003;2024-03-01;2024-03-02 21:48:52
3839;2024-03-02 21:48:50;15389848.67;1;4;6;4;1003;2024-03-01;2024-03-02 21:48:52
2276;2024-03-02 01:08:49;41851318.86;6;0;3;0;1790;2024-03-02;2024-03-02 21:49:24
3841;2024-03-02 21:49:22;41851318.86;3;2;6;2;1790;2024-03-02;2024-03-02 21:49:24
3433;2024-03-02 16:19:14;64167623.28;5;0;1;0;1076;2024-03-03;2024-03-02 21:49:54
3842;2024-03-02 21:49:52;64167623.28;1;2;5;2;1076;2024-03-03;2024-03-02 21:49:54
1662;2024-03-01 19:17:07;40428820.81;5;2;7;2;1143;2024-03-01;2024-03-02 21:49:54
3843;2024-03-02 21:49:52;40428820.81;7;0;5;0;1143;2024-03-01;2024-03-02 21:49:54
3645;2024-03-02 19:13:10;68476561.85;3;0;1;0;1505;2024-03-02;2024-03-02 21:50:33
3845;2024-03-02 21:50:31;68476561.85;1;1;3;1;1505;2024-03-02;2024-03-02 21:50:33
2952;2024-03-02 09:20:55;27418534.23;8;0;3;0;668;2024-03-03;2024-03-02 21:51:15
3846;2024-03-02 21:51:13;27418534.23;3;3;8;3;668;2024-03-03;2024-03-02 21:51:15
2726;2024-03-02 06:24:07;85795706.88;8;1;5;1;196;2024-03-03;2024-03-02 21:51:54
3847;2024-03-02 21:51:52;85795706.88;5;0;8;0;196;2024-03-03;2024-03-02 21:51:54
2740;2024-03-02 06:33:00;205802403.02;7;0;8;0;535;2024-03-04;2024-03-02 21:52:46
3848;2024-03-02 21:52:44;205802403.02;8;4;7;4;535;2024-03-04;2024-03-02 21:52:46
3567;2024-03-02 18:08:30;99437663.48;6;4;2;4;901;2024-03-02;2024-03-02 21:53:25
3849;2024-03-02 21:53:23;99437663.48;2;0;6;0;901;2024-03-02;2024-03-02 21:53:25
954;2024-03-01 09:26:27;17656005.31;5;0;4;0;1911;2024-03-02;2024-03-02 21:53:42
3850;2024-03-02 21:53:40;17656005.31;4;4;5;4;1911;2024-03-02;2024-03-02 21:53:42
3531;2024-03-02 17:44:14;45006465.75;5;0;2;0;1328;2024-03-02;2024-03-02 21:54:08
3851;2024-03-02 21:54:06;45006465.75;2;2;5;2;1328;2024-03-02;2024-03-02 21:54:08
2422;2024-03-02 02:22:28;208971835.26;7;0;2;0;1633;2024-03-02;2024-03-02 21:57:38
3853;2024-03-02 21:57:36;208971835.26;2;2;7;2;1633;2024-03-02;2024-03-02 21:57:38
2051;2024-03-02 00:05:22;5120849.81;3;2;6;2;399;2024-03-03;2024-03-02 21:58:01
3854;2024-03-02 21:57:59;5120849.81;6;0;3;0;399;2024-03-03;2024-03-02 21:58:01
3658;2024-03-02 19:21:19;60737080.87;7;1;4;1;475;2024-03-02;2024-03-02 22:02:05
3856;2024-03-02 22:02:03;60737080.87;4;0;7;0;475;2024-03-02;2024-03-02 22:02:05
3040;2024-03-02 10:35:32;77487623.03;7;0;3;0;1184;2024-03-03;2024-03-02 22:02:22
3857;2024-03-02 22:02:20;77487623.03;3;4;7;4;1184;2024-03-03;2024-03-02 22:02:22
2117;2024-03-02 00:27:19;22226610.92;4;3;3;3;837;2024-03-02;2024-03-02 22:02:49
3858;2024-03-02 22:02:47;22226610.92;3;0;4;0;837;2024-03-02;2024-03-02 22:02:49
3696;2024-03-02 19:47:14;11720581.8;8;0;5;0;1365;2024-03-02;2024-03-02 22:03:55
3859;2024-03-02 22:03:53;11720581.8;5;2;8;2;1365;2024-03-02;2024-03-02 22:03:55
2595;2024-03-02 04:33:16;15686385.41;8;0;2;0;1524;2024-03-02;2024-03-02 22:04:42
3860;2024-03-02 22:04:40;15686385.41;2;2;8;2;1524;2024-03-02;2024-03-02 22:04:42
1353;2024-03-01 14:54:11;60992382.38;2;0;8;0;1343;2024-03-02;2024-03-02 22:05:17
3861;2024-03-02 22:05:15;60992382.38;8;3;2;3;1343;2024-03-02;2024-03-02 22:05:17
2064;2024-03-02 00:08:38;72610017.45;2;0;4;0;1080;2024-03-03;2024-03-02 22:05:31
3862;2024-03-02 22:05:29;72610017.45;4;4;2;4;1080;2024-03-03;2024-03-02 22:05:31
3030;2024-03-02 10:26:45;97115863.77;2;0;8;0;625;2024-03-04;2024-03-02 22:06:03
3863;2024-03-02 22:06:01;97115863.77;8;1;2;1;625;2024-03-04;2024-03-02 22:06:03
2038;2024-03-02 00:03:13;210762839.28;7;3;1;3;176;2024-03-02;2024-03-02 22:06:31
3864;2024-03-02 22:06:29;210762839.28;1;0;7;0;176;2024-03-02;2024-03-02 22:06:31
2922;2024-03-02 08:54:11;13354442.83;8;2;1;2;986;2024-03-03;2024-03-02 22:06:54
3865;2024-03-02 22:06:52;13354442.83;1;0;8;0;986;2024-03-03;2024-03-02 22:06:54
3378;2024-03-02 15:33:35;31524558.38;6;2;8;2;623;2024-03-02;2024-03-02 22:07:00
3866;2024-03-02 22:06:58;31524558.38;8;0;6;0;623;2024-03-02;2024-03-02 22:07:00
3384;2024-03-02 15:37:36;71709079.04;8;3;5;3;863;2024-03-04;2024-03-02 22:07:30
3867;2024-03-02 22:07:28;71709079.04;5;0;8;0;863;2024-03-04;2024-03-02 22:07:30
3157;2024-03-02 12:35:44;65475420.94;7;0;6;0;1687;2024-03-04;2024-03-02 22:09:22
3868;2024-03-02 22:09:20;65475420.94;6;2;7;2;1687;2024-03-04;2024-03-02 22:09:22
1824;2024-03-01 21:21:13;30051424.76;1;0;4;0;1891;2024-03-02;2024-03-02 22:10:38
3869;2024-03-02 22:10:36;30051424.76;4;1;1;1;1891;2024-03-02;2024-03-02 22:10:38
2643;2024-03-02 05:20:08;20267216.98;6;0;5;0;72;2024-03-02;2024-03-02 22:11:00
3870;2024-03-02 22:10:58;20267216.98;5;4;6;4;72;2024-03-02;2024-03-02 22:11:00
1404;2024-03-01 15:32:08;126621762.83;5;2;1;2;884;2024-03-01;2024-03-02 22:11:20
3871;2024-03-02 22:11:18;126621762.83;1;0;5;0;884;2024-03-01;2024-03-02 22:11:20
2623;2024-03-02 05:01:54;30939403.33;1;3;4;3;730;2024-03-03;2024-03-02 22:12:17
3872;2024-03-02 22:12:15;30939403.33;4;0;1;0;730;2024-03-03;2024-03-02 22:12:17
3587;2024-03-02 18:17:43;13041908.88;8;1;6;1;1446;2024-03-03;2024-03-02 22:13:30
3874;2024-03-02 22:13:28;13041908.88;6;0;8;0;1446;2024-03-03;2024-03-02 22:13:30
3452;2024-03-02 16:36:40;58679229.57;1;2;4;2;1617;2024-03-02;2024-03-02 22:13:56
3875;2024-03-02 22:13:54;58679229.57;4;0;1;0;1617;2024-03-02;2024-03-02 22:13:56
2478;2024-03-02 03:02:12;205236035.84;1;0;4;0;1155;2024-03-04;2024-03-02 22:14:14
3876;2024-03-02 22:14:12;205236035.84;4;1;1;1;1155;2024-03-04;2024-03-02 22:14:14
3855;2024-03-02 22:01:26;76543007.59;2;0;1;0;388;2024-03-03;2024-03-02 22:15:06
3877;2024-03-02 22:15:04;76543007.59;1;3;2;3;388;2024-03-03;2024-03-02 22:15:06
2780;2024-03-02 07:06:56;32301427.32;4;1;6;1;802;2024-03-03;2024-03-02 22:15:43
3878;2024-03-02 22:15:41;32301427.32;6;0;4;0;802;2024-03-03;2024-03-02 22:15:43
3840;2024-03-02 21:49:13;17299956.09;5;2;8;2;1322;2024-03-03;2024-03-02 22:16:54
3879;2024-03-02 22:16:52;17299956.09;8;0;5;0;1322;2024-03-03;2024-03-02 22:16:54
2194;2024-03-02 00:49:05;20826902.15;4;0;7;0;245;2024-03-04;2024-03-02 22:17:43
3880;2024-03-02 22:17:41;20826902.15;7;2;4;2;245;2024-03-04;2024-03-02 22:17:43
3229;2024-03-02 13:31:09;32496842.2;8;0;1;0;1963;2024-03-02;2024-03-02 22:17:44
3881;2024-03-02 22:17:42;32496842.2;1;3;8;3;1963;2024-03-02;2024-03-02 22:17:44
2522;2024-03-02 03:34:57;24395797.14;4;0;1;0;1887;2024-03-04;2024-03-02 22:19:28
3882;2024-03-02 22:19:26;24395797.14;1;4;4;4;1887;2024-03-04;2024-03-02 22:19:28
3152;2024-03-02 12:29:34;11558994.42;1;3;8;3;251;2024-03-03;2024-03-02 22:22:15
3883;2024-03-02 22:22:13;11558994.42;8;0;1;0;251;2024-03-03;2024-03-02 22:22:15
2659;2024-03-02 05:30:08;45301869.8;8;1;4;1;1034;2024-03-02;2024-03-02 22:22:17
3884;2024-03-02 22:22:15;45301869.8;4;0;8;0;1034;2024-03-02;2024-03-02 22:22:17
2632;2024-03-02 05:08:13;9618723.43;4;0;7;0;343;2024-03-02;2024-03-02 22:23:14
3885;2024-03-02 22:23:12;9618723.43;7;3;4;3;343;2024-03-02;2024-03-02 22:23:14
3119;2024-03-02 11:53:00;31835529.17;8;0;7;0;1466;2024-03-03;2024-03-02 22:26:10
3886;2024-03-02 22:26:08;31835529.17;7;4;8;4;1466;2024-03-03;2024-03-02 22:26:10
3553;2024-03-02 17:59:25;80072711.94;8;4;2;4;1388;2024-03-02;2024-03-02 22:26:51
3887;2024-03-02 22:26:49;80072711.94;2;0;8;0;1388;2024-03-02;2024-03-02 22:26:51
3591;2024-03-02 18:19:16;14428414.63;5;0;2;0;1704;2024-03-03;2024-03-02 22:28:00
3888;2024-03-02 22:27:58;14428414.63;2;4;5;4;1704;2024-03-03;2024-03-02 22:28:00
3064;2024-03-02 10:54:44;10580340.79;2;0;1;0;304;2024-03-02;2024-03-02 22:28:00
3889;2024-03-02 22:27:58;10580340.79;1;1;2;1;304;2024-03-02;2024-03-02 22:28:00
598;2024-03-01 04:43:51;42337861.82;1;3;6;3;948;2024-03-01;2024-03-02 22:29:36
3890;2024-03-02 22:29:34;42337861.82;6;0;1;0;948;2024-03-01;2024-03-02 22:29:36
3629;2024-03-02 18:59:54;110014048.77;2;0;7;0;157;2024-03-02;2024-03-02 22:30:47
3893;2024-03-02 22:30:45;110014048.77;7;2;2;2;157;2024-03-02;2024-03-02 22:30:47
3184;2024-03-02 12:53:11;45775428.83;6;0;7;0;760;2024-03-04;2024-03-02 22:31:22
3894;2024-03-02 22:31:20;45775428.83;7;1;6;1;760;2024-03-04;2024-03-02 22:31:22
3290;2024-03-02 14:24:48;21946472.36;1;0;5;0;1774;2024-03-02;2024-03-02 22:32:40
3895;2024-03-02 22:32:38;21946472.36;5;4;1;4;1774;2024-03-02;2024-03-02 22:32:40
3270;2024-03-02 14:09:22;196195991.07;3;3;7;3;554;2024-03-02;2024-03-02 22:33:56
3897;2024-03-02 22:33:54;196195991.07;7;0;3;0;554;2024-03-02;2024-03-02 22:33:56
924;2024-03-01 09:05:36;46724110.07;4;4;5;4;1769;2024-03-02;2024-03-02 22:34:28
3898;2024-03-02 22:34:26;46724110.07;5;0;4;0;1769;2024-03-02;2024-03-02 22:34:28
3379;2024-03-02 15:34:19;61250044.39;7;0;8;0;1941;2024-03-02;2024-03-02 22:35:18
3899;2024-03-02 22:35:16;61250044.39;8;4;7;4;1941;2024-03-02;2024-03-02 22:35:18
2097;2024-03-02 00:22:48;29123710.61;6;3;8;3;1259;2024-03-03;2024-03-02 22:37:03
3900;2024-03-02 22:37:01;29123710.61;8;0;6;0;1259;2024-03-03;2024-03-02 22:37:03
2820;2024-03-02 07:30:53;94146980.43;7;4;4;4;1288;2024-03-03;2024-03-02 22:37:22
3901;2024-03-02 22:37:20;94146980.43;4;0;7;0;1288;2024-03-03;2024-03-02 22:37:22
3797;2024-03-02 21:16:32;139492853.33;1;0;2;0;1027;2024-03-02;2024-03-02 22:37:49
3902;2024-03-02 22:37:47;139492853.33;2;2;1;2;1027;2024-03-02;2024-03-02 22:37:49
2157;2024-03-02 00:39:51;47995152.29;7;1;3;1;705;2024-03-02;2024-03-02 22:39:01
3903;2024-03-02 22:38:59;47995152.29;3;0;7;0;705;2024-03-02;2024-03-02 22:39:01
3397;2024-03-02 15:53:28;47698478.34;5;0;6;0;1654;2024-03-02;2024-03-02 22:42:39
3904;2024-03-02 22:42:37;47698478.34;6;4;5;4;1654;2024-03-02;2024-03-02 22:42:39
2086;2024-03-02 00:20:07;170401449.53;7;0;6;0;1818;2024-03-03;2024-03-02 22:43:56
3905;2024-03-02 22:43:54;170401449.53;6;3;7;3;1818;2024-03-03;2024-03-02 22:43:56
3278;2024-03-02 14:16:13;131379418.93;1;0;5;0;382;2024-03-02;2024-03-02 22:44:32
3906;2024-03-02 22:44:30;131379418.93;5;3;1;3;382;2024-03-02;2024-03-02 22:44:32
2879;2024-03-02 08:19:12;51325004.91;4;2;5;2;362;2024-03-03;2024-03-02 22:45:55
3907;2024-03-02 22:45:53;51325004.91;5;0;4;0;362;2024-03-03;2024-03-02 22:45:55
2570;2024-03-02 04:11:15;154187855.84;7;0;8;0;19;2024-03-02;2024-03-02 22:46:25
3908;2024-03-02 22:46:23;154187855.84;8;3;7;3;19;2024-03-02;2024-03-02 22:46:25
3507;2024-03-02 17:20:57;72067894.92;5;0;8;0;1468;2024-03-04;2024-03-02 22:47:28
3910;2024-03-02 22:47:26;72067894.92;8;1;5;1;1468;2024-03-04;2024-03-02 22:47:28
2777;2024-03-02 07:04:14;82813155.65;5;0;3;0;1697;2024-03-02;2024-03-02 22:50:45
3911;2024-03-02 22:50:43;82813155.65;3;2;5;2;1697;2024-03-02;2024-03-02 22:50:45
2163;2024-03-02 00:40:41;98276960.35;5;2;4;2;1447;2024-03-02;2024-03-02 22:51:30
3913;2024-03-02 22:51:28;98276960.35;4;0;5;0;1447;2024-03-02;2024-03-02 22:51:30
2762;2024-03-02 06:48:02;20204982.29;8;0;7;0;482;2024-03-03;2024-03-02 22:51:50
3914;2024-03-02 22:51:48;20204982.29;7;4;8;4;482;2024-03-03;2024-03-02 22:51:50
2732;2024-03-02 06:26:36;57318960.02;3;0;6;0;476;2024-03-03;2024-03-02 22:52:26
3915;2024-03-02 22:52:24;57318960.02;6;2;3;2;476;2024-03-03;2024-03-02 22:52:26
1910;2024-03-01 22:35:44;37520877.25;2;1;8;1;411;2024-03-01;2024-03-02 22:52:33
3916;2024-03-02 22:52:31;37520877.25;8;0;2;0;411;2024-03-01;2024-03-02 22:52:33
3133;2024-03-02 12:13:06;20744799.84;2;1;4;1;1718;2024-03-03;2024-03-02 22:53:04
3917;2024-03-02 22:53:02;20744799.84;4;0;2;0;1718;2024-03-03;2024-03-02 22:53:04
3442;2024-03-02 16:26:08;46198555.79;3;2;6;2;11;2024-03-03;2024-03-02 22:53:21
3918;2024-03-02 22:53:19;46198555.79;6;0;3;0;11;2024-03-03;2024-03-02 22:53:21
2602;2024-03-02 04:41:08;44280844.87;7;3;8;3;1276;2024-03-03;2024-03-02 22:53:43
3919;2024-03-02 22:53:41;44280844.87;8;0;7;0;1276;2024-03-03;2024-03-02 22:53:43
2377;2024-03-02 01:53:27;111256542.08;6;4;1;4;929;2024-03-02;2024-03-02 22:53:56
3920;2024-03-02 22:53:54;111256542.08;1;0;6;0;929;2024-03-02;2024-03-02 22:53:56
2351;2024-03-02 01:28:49;10718565.8;1;1;8;1;1116;2024-03-03;2024-03-02 22:54:08
3921;2024-03-02 22:54:06;10718565.8;8;0;1;0;1116;2024-03-03;2024-03-02 22:54:08
3199;2024-03-02 13:04:54;159080889.87;1;2;7;2;1928;2024-03-02;2024-03-02 22:54:09
3922;2024-03-02 22:54:07;159080889.87;7;0;1;0;1928;2024-03-02;2024-03-02 22:54:09
3712;2024-03-02 20:03:13;240321931.53;7;0;4;0;1757;2024-03-03;2024-03-02 22:54:38
3923;2024-03-02 22:54:36;240321931.53;4;2;7;2;1757;2024-03-03;2024-03-02 22:54:38
3873;2024-03-02 22:12:58;43498831.46;4;0;3;0;1824;2024-03-02;2024-03-02 22:55:10
3924;2024-03-02 22:55:08;43498831.46;3;2;4;2;1824;2024-03-02;2024-03-02 22:55:10
3222;2024-03-02 13:24:47;42697121.59;6;4;3;4;1195;2024-03-03;2024-03-02 22:56:44
3925;2024-03-02 22:56:42;42697121.59;3;0;6;0;1195;2024-03-03;2024-03-02 22:56:44
2536;2024-03-02 03:42:59;23094002.51;2;0;8;0;233;2024-03-03;2024-03-02 22:57:24
3926;2024-03-02 22:57:22;23094002.51;8;1;2;1;233;2024-03-03;2024-03-02 22:57:24
3852;2024-03-02 21:55:54;110602207.91;1;0;8;0;605;2024-03-02;2024-03-02 22:57:37
3927;2024-03-02 22:57:35;110602207.91;8;3;1;3;605;2024-03-02;2024-03-02 22:57:37
2637;2024-03-02 05:11:45;6651520.25;7;3;8;3;671;2024-03-02;2024-03-02 22:58:06
3928;2024-03-02 22:58:04;6651520.25;8;0;7;0;671;2024-03-02;2024-03-02 22:58:06
2728;2024-03-02 06:25:27;198599318.38;1;0;6;0;1850;2024-03-02;2024-03-02 22:58:41
3929;2024-03-02 22:58:39;198599318.38;6;2;1;2;1850;2024-03-02;2024-03-02 22:58:41
3063;2024-03-02 10:53:09;133552289.88;8;4;7;4;1798;2024-03-02;2024-03-02 22:59:13
3930;2024-03-02 22:59:11;133552289.88;7;0;8;0;1798;2024-03-02;2024-03-02 22:59:13
2825;2024-03-02 07:34:02;72695995.14;4;0;7;0;1079;2024-03-03;2024-03-02 23:00:13
3931;2024-03-02 23:00:11;72695995.14;7;1;4;1;1079;2024-03-03;2024-03-02 23:00:13
3814;2024-03-02 21:30:17;26207521.35;2;0;3;0;1789;2024-03-02;2024-03-02 23:00:40
3932;2024-03-02 23:00:38;26207521.35;3;3;2;3;1789;2024-03-02;2024-03-02 23:00:40
2118;2024-03-02 00:27:44;67774961.32;1;1;2;1;865;2024-03-03;2024-03-02 23:03:02
3933;2024-03-02 23:03:00;67774961.32;2;0;1;0;865;2024-03-03;2024-03-02 23:03:02
3320;2024-03-02 14:47:20;24319542.01;5;4;6;4;1013;2024-03-03;2024-03-02 23:03:43
3934;2024-03-02 23:03:41;24319542.01;6;0;5;0;1013;2024-03-03;2024-03-02 23:03:43
3718;2024-03-02 20:10:34;69941733.94;5;3;2;3;1787;2024-03-02;2024-03-02 23:04:00
3935;2024-03-02 23:03:58;69941733.94;2;0;5;0;1787;2024-03-02;2024-03-02 23:04:00
3205;2024-03-02 13:08:19;6329000.79;3;2;8;2;1223;2024-03-02;2024-03-02 23:04:24
3936;2024-03-02 23:04:22;6329000.79;8;0;3;0;1223;2024-03-02;2024-03-02 23:04:24
3304;2024-03-02 14:34:07;224709629.83;4;4;7;4;332;2024-03-03;2024-03-02 23:04:30
3937;2024-03-02 23:04:28;224709629.83;7;0;4;0;332;2024-03-03;2024-03-02 23:04:30
2554;2024-03-02 03:58:17;40497178.84;2;2;6;2;386;2024-03-03;2024-03-02 23:05:32
3939;2024-03-02 23:05:30;40497178.84;6;0;2;0;386;2024-03-03;2024-03-02 23:05:32
78;2024-03-01 00:20:29;110571232.66;4;4;3;4;816;2024-03-03;2024-03-02 23:06:12
3940;2024-03-02 23:06:10;110571232.66;3;0;4;0;816;2024-03-03;2024-03-02 23:06:12
2172;2024-03-02 00:43:22;36311705.56;6;0;3;0;1467;2024-03-03;2024-03-02 23:11:02
3941;2024-03-02 23:11:00;36311705.56;3;2;6;2;1467;2024-03-03;2024-03-02 23:11:02
2954;2024-03-02 09:21:36;14858075.18;7;1;5;1;1681;2024-03-03;2024-03-02 23:11:06
3942;2024-03-02 23:11:04;14858075.18;5;0;7;0;1681;2024-03-03;2024-03-02 23:11:06
3450;2024-03-02 16:36:04;35288848.39;6;0;3;0;1867;2024-03-03;2024-03-02 23:11:23
3943;2024-03-02 23:11:21;35288848.39;3;4;6;4;1867;2024-03-03;2024-03-02 23:11:23
3037;2024-03-02 10:31:40;24262945.66;4;0;2;0;980;2024-03-03;2024-03-02 23:11:48
3944;2024-03-02 23:11:46;24262945.66;2;4;4;4;980;2024-03-03;2024-03-02 23:11:48
2253;2024-03-02 01:04:45;41726351.69;3;1;8;1;1741;2024-03-03;2024-03-02 23:13:42
3945;2024-03-02 23:13:40;41726351.69;8;0;3;0;1741;2024-03-03;2024-03-02 23:13:42
2462;2024-03-02 02:50:33;39610134.25;4;0;7;0;533;2024-03-02;2024-03-02 23:13:49
3946;2024-03-02 23:13:47;39610134.25;7;4;4;4;533;2024-03-02;2024-03-02 23:13:49
3422;2024-03-02 16:13:41;237965771.86;7;0;4;0;1761;2024-03-02;2024-03-02 23:14:03
3947;2024-03-02 23:14:01;237965771.86;4;4;7;4;1761;2024-03-02;2024-03-02 23:14:03
2520;2024-03-02 03:34:23;29681087.62;7;2;8;2;677;2024-03-02;2024-03-02 23:14:41
3948;2024-03-02 23:14:39;29681087.62;8;0;7;0;677;2024-03-02;2024-03-02 23:14:41
3348;2024-03-02 15:10:26;40313630.11;4;3;8;3;652;2024-03-04;2024-03-02 23:14:54
3949;2024-03-02 23:14:52;40313630.11;8;0;4;0;652;2024-03-04;2024-03-02 23:14:54
2025;2024-03-02 00:00:31;22763435.27;3;3;2;3;1182;2024-03-02;2024-03-02 23:15:41
3950;2024-03-02 23:15:39;22763435.27;2;0;3;0;1182;2024-03-02;2024-03-02 23:15:41
3144;2024-03-02 12:21:20;44875740.58;5;4;6;4;1839;2024-03-02;2024-03-02 23:16:40
3951;2024-03-02 23:16:38;44875740.58;6;0;5;0;1839;2024-03-02;2024-03-02 23:16:40
3093;2024-03-02 11:22:45;27022945.77;6;0;2;0;263;2024-03-03;2024-03-02 23:16:46
3952;2024-03-02 23:16:44;27022945.77;2;4;6;4;263;2024-03-03;2024-03-02 23:16:46
2880;2024-03-02 08:19:46;42367751.98;5;0;3;0;110;2024-03-03;2024-03-02 23:19:03
3953;2024-03-02 23:19:01;42367751.98;3;3;5;3;110;2024-03-03;2024-03-02 23:19:03
324;2024-03-01 01:20:57;73740700.7;5;2;1;2;1938;2024-03-02;2024-03-02 23:20:07
3954;2024-03-02 23:20:05;73740700.7;1;0;5;0;1938;2024-03-02;2024-03-02 23:20:07
3541;2024-03-02 17:49:02;15962283.72;3;3;4;3;838;2024-03-03;2024-03-02 23:21:08
3955;2024-03-02 23:21:06;15962283.72;4;0;3;0;838;2024-03-03;2024-03-02 23:21:08
3563;2024-03-02 18:04:29;21174777.87;6;0;2;0;1806;2024-03-02;2024-03-02 23:21:51
3956;2024-03-02 23:21:49;21174777.87;2;3;6;3;1806;2024-03-02;2024-03-02 23:21:51
934;2024-03-01 09:14:48;38008971.04;2;0;4;0;1337;2024-03-01;2024-03-02 23:23:10
3957;2024-03-02 23:23:08;38008971.04;4;4;2;4;1337;2024-03-01;2024-03-02 23:23:10
2044;2024-03-02 00:03:59;53958974.47;4;4;3;4;98;2024-03-02;2024-03-02 23:23:22
3958;2024-03-02 23:23:20;53958974.47;3;0;4;0;98;2024-03-02;2024-03-02 23:23:22
2386;2024-03-02 02:00:00;57216491.98;2;2;3;2;231;2024-03-03;2024-03-02 23:24:01
3959;2024-03-02 23:23:59;57216491.98;3;0;2;0;231;2024-03-03;2024-03-02 23:24:01
2166;2024-03-02 00:41:11;19048042.2;5;4;3;4;822;2024-03-02;2024-03-02 23:26:18
3960;2024-03-02 23:26:16;19048042.2;3;0;5;0;822;2024-03-02;2024-03-02 23:26:18
1699;2024-03-01 19:45:41;7724891.43;2;1;3;1;418;2024-03-02;2024-03-02 23:26:44
3961;2024-03-02 23:26:42;7724891.43;3;0;2;0;418;2024-03-02;2024-03-02 23:26:44
3395;2024-03-02 15:52:14;66734713.77;1;2;5;2;353;2024-03-02;2024-03-02 23:26:52
3962;2024-03-02 23:26:50;66734713.77;5;0;1;0;353;2024-03-02;2024-03-02 23:26:52
2906;2024-03-02 08:38:19;72585474.89;8;4;4;4;212;2024-03-02;2024-03-02 23:28:31
3963;2024-03-02 23:28:29;72585474.89;4;0;8;0;212;2024-03-02;2024-03-02 23:28:31
3757;2024-03-02 20:45:51;47285341.76;2;2;8;2;1414;2024-03-02;2024-03-02 23:29:36
3964;2024-03-02 23:29:34;47285341.76;8;0;2;0;1414;2024-03-02;2024-03-02 23:29:36
3464;2024-03-02 16:45:06;13717202.41;3;1;5;1;305;2024-03-03;2024-03-02 23:31:01
3965;2024-03-02 23:30:59;13717202.41;5;0;3;0;305;2024-03-03;2024-03-02 23:31:01
3671;2024-03-02 19:30:57;32849855.5;2;0;7;0;1458;2024-03-04;2024-03-02 23:31:54
3966;2024-03-02 23:31:52;32849855.5;7;1;2;1;1458;2024-03-04;2024-03-02 23:31:54
3339;2024-03-02 15:01:47;197007105.32;2;3;1;3;288;2024-03-04;2024-03-02 23:32:22
3967;2024-03-02 23:32:20;197007105.32;1;0;2;0;288;2024-03-04;2024-03-02 23:32:22
2162;2024-03-02 00:40:31;107221401.27;3;0;1;0;1629;2024-03-03;2024-03-02 23:33:04
3968;2024-03-02 23:33:02;107221401.27;1;3;3;3;1629;2024-03-03;2024-03-02 23:33:04
3638;2024-03-02 19:08:17;51214105.1;2;0;6;0;258;2024-03-02;2024-03-02 23:33:21
3969;2024-03-02 23:33:19;51214105.1;6;2;2;2;258;2024-03-02;2024-03-02 23:33:21
1381;2024-03-01 15:12:27;32250917.76;6;3;5;3;1227;2024-03-02;2024-03-02 23:35:10
3970;2024-03-02 23:35:08;32250917.76;5;0;6;0;1227;2024-03-02;2024-03-02 23:35:10
3526;2024-03-02 17:38:40;25500139.2;6;0;3;0;1492;2024-03-02;2024-03-02 23:38:39
3971;2024-03-02 23:38:37;25500139.2;3;3;6;3;1492;2024-03-02;2024-03-02 23:38:39
567;2024-03-01 04:26:50;13764011.97;3;2;5;2;201;2024-03-02;2024-03-02 23:38:40
3972;2024-03-02 23:38:38;13764011.97;5;0;3;0;201;2024-03-02;2024-03-02 23:38:40
1500;2024-03-01 16:59:27;7367082.23;5;2;2;2;513;2024-03-01;2024-03-02 23:39:07
3973;2024-03-02 23:39:05;7367082.23;2;0;5;0;513;2024-03-01;2024-03-02 23:39:07
3656;2024-03-02 19:19:56;38908326.33;2;0;4;0;31;2024-03-03;2024-03-02 23:39:21
3974;2024-03-02 23:39:19;38908326.33;4;4;2;4;31;2024-03-03;2024-03-02 23:39:21
3649;2024-03-02 19:17:01;79791058.59;4;0;7;0;309;2024-03-04;2024-03-02 23:40:41
3975;2024-03-02 23:40:39;79791058.59;7;3;4;3;309;2024-03-04;2024-03-02 23:40:41
3480;2024-03-02 17:02:31;135403610.89;8;4;7;4;1332;2024-03-02;2024-03-02 23:43:09
3976;2024-03-02 23:43:07;135403610.89;7;0;8;0;1332;2024-03-02;2024-03-02 23:43:09
2372;2024-03-02 01:49:21;35849157.8;8;0;7;0;1939;2024-03-02;2024-03-02 23:43:10
3977;2024-03-02 23:43:08;35849157.8;7;1;8;1;1939;2024-03-02;2024-03-02 23:43:10
2534;2024-03-02 03:42:17;182215309.47;7;0;5;0;722;2024-03-03;2024-03-02 23:44:12
3978;2024-03-02 23:44:10;182215309.47;5;4;7;4;722;2024-03-03;2024-03-02 23:44:12
1431;2024-03-01 15:57:09;85660479.17;5;0;4;0;955;2024-03-01;2024-03-02 23:44:43
3979;2024-03-02 23:44:41;85660479.17;4;1;5;1;955;2024-03-01;2024-03-02 23:44:43
3812;2024-03-02 21:26:38;26755638.44;8;0;2;0;1025;2024-03-02;2024-03-02 23:46:28
3980;2024-03-02 23:46:26;26755638.44;2;2;8;2;1025;2024-03-02;2024-03-02 23:46:28
2767;2024-03-02 06:53:13;63127862.29;6;4;4;4;846;2024-03-03;2024-03-02 23:46:57
3981;2024-03-02 23:46:55;63127862.29;4;0;6;0;846;2024-03-03;2024-03-02 23:46:57
2109;2024-03-02 00:25:42;7657219.03;8;0;7;0;1374;2024-03-03;2024-03-02 23:47:19
3982;2024-03-02 23:47:17;7657219.03;7;1;8;1;1374;2024-03-03;2024-03-02 23:47:19
3423;2024-03-02 16:13:52;114714410.53;3;4;7;4;1840;2024-03-03;2024-03-02 23:47:27
3983;2024-03-02 23:47:25;114714410.53;7;0;3;0;1840;2024-03-03;2024-03-02 23:47:27
3892;2024-03-02 22:29:59;10804106.3;3;0;2;0;215;2024-03-02;2024-03-02 23:47:41
3984;2024-03-02 23:47:39;10804106.3;2;4;3;4;215;2024-03-02;2024-03-02 23:47:41
3729;2024-03-02 20:17:04;17147678.18;2;4;6;4;1804;2024-03-02;2024-03-02 23:49:22
3985;2024-03-02 23:49:20;17147678.18;6;0;2;0;1804;2024-03-02;2024-03-02 23:49:22
3407;2024-03-02 16:03:23;46296253.65;7;0;1;0;256;2024-03-03;2024-03-02 23:49:31
3986;2024-03-02 23:49:29;46296253.65;1;4;7;4;256;2024-03-03;2024-03-02 23:49:31
2308;2024-03-02 01:16:03;95203137.82;4;0;6;0;960;2024-03-04;2024-03-02 23:49:55
3987;2024-03-02 23:49:53;95203137.82;6;4;4;4;960;2024-03-04;2024-03-02 23:49:55
3746;2024-03-02 20:32:11;140315679.14;6;1;1;1;1297;2024-03-03;2024-03-02 23:50:34
3988;2024-03-02 23:50:32;140315679.14;1;0;6;0;1297;2024-03-03;2024-03-02 23:50:34
592;2024-03-01 04:39:59;31830552.45;6;0;5;0;1786;2024-03-01;2024-03-02 23:50:46
3989;2024-03-02 23:50:44;31830552.45;5;1;6;1;1786;2024-03-01;2024-03-02 23:50:46
3938;2024-03-02 23:04:38;48233162.46;8;0;1;0;1831;2024-03-02;2024-03-02 23:50:58
3990;2024-03-02 23:50:56;48233162.46;1;1;8;1;1831;2024-03-02;2024-03-02 23:50:58
3498;2024-03-02 17:15:00;50277873.04;1;3;4;3;1324;2024-03-02;2024-03-02 23:51:28
3991;2024-03-02 23:51:26;50277873.04;4;0;1;0;1324;2024-03-02;2024-03-02 23:51:28
3909;2024-03-02 22:46:57;52210702.8;6;0;8;0;607;2024-03-02;2024-03-02 23:52:43
3992;2024-03-02 23:52:41;52210702.8;8;4;6;4;607;2024-03-02;2024-03-02 23:52:43
2083;2024-03-02 00:17:33;132514826.05;7;0;5;0;1300;2024-03-02;2024-03-02 23:53:23
3993;2024-03-02 23:53:21;132514826.05;5;3;7;3;1300;2024-03-02;2024-03-02 23:53:23
3896;2024-03-02 22:33:11;11149294.08;3;0;8;0;914;2024-03-02;2024-03-02 23:53:59
3994;2024-03-02 23:53:57;11149294.08;8;2;3;2;914;2024-03-02;2024-03-02 23:53:59
3912;2024-03-02 22:51:03;16535559.83;2;0;1;0;366;2024-03-03;2024-03-02 23:54:11
3995;2024-03-02 23:54:09;16535559.83;1;2;2;2;366;2024-03-03;2024-03-02 23:54:11
3084;2024-03-02 11:15:24;52156336.33;3;1;2;1;1873;2024-03-02;2024-03-02 23:54:54
3996;2024-03-02 23:54:52;52156336.33;2;0;3;0;1873;2024-03-02;2024-03-02 23:54:54
387;2024-03-01 01:55:59;152870399.41;1;0;8;0;391;2024-03-02;2024-03-02 23:56:02
3997;2024-03-02 23:56:00;152870399.41;8;1;1;1;391;2024-03-02;2024-03-02 23:56:02
3891;2024-03-02 22:29:45;29400402.73;3;2;7;2;510;2024-03-03;2024-03-02 23:56:39
3998;2024-03-02 23:56:37;29400402.73;7;0;3;0;510;2024-03-03;2024-03-02 23:56:39
2686;2024-03-02 05:48:34;110140365.52;2;2;1;2;217;2024-03-02;2024-03-02 23:57:02
3999;2024-03-02 23:57:00;110140365.52;1;0;2;0;217;2024-03-02;2024-03-02 23:57:02
3844;2024-03-02 21:50:27;34232707.49;3;0;4;0;1459;2024-03-02;2024-03-02 23:57:32
4000;2024-03-02 23:57:30;34232707.49;4;3;3;3;1459;2024-03-02;2024-03-02 23:57:32
