SettlementDeadline;TID;Time;Value;FromParticipantId;FromAccountId;ToParticipantId;ToAccountId;Linkcode;Starttime
2024-03-09;8995;2024-03-07 00:01:36;47960953.32;21;0;15;0;5727;2024-03-07 19:30:04
2024-03-09;11498;2024-03-07 19:30:02;47960953.32;15;7;21;7;5727;2024-03-07 19:30:04
2024-03-08;10450;2024-03-07 09:53:26;6125757.47;10;0;24;0;1425;2024-03-07 19:30:18
2024-03-08;11499;2024-03-07 19:30:16;6125757.47;24;4;10;4;1425;2024-03-07 19:30:18
2024-03-08;9899;2024-03-07 05:01:25;104905448.04;9;0;15;0;6499;2024-03-07 19:31:07
2024-03-08;11501;2024-03-07 19:31:05;104905448.04;15;2;9;2;6499;2024-03-07 19:31:07
2024-03-07;11082;2024-03-07 15:52:35;320914053.92;27;0;14;0;4508;2024-03-07 19:31:18
2024-03-07;11502;2024-03-07 19:31:16;320914053.92;14;1;27;1;4508;2024-03-07 19:31:18
2024-03-09;11075;2024-03-07 15:46:53;153856888.8;28;0;13;0;3430;2024-03-07 19:31:53
2024-03-09;11503;2024-03-07 19:31:51;153856888.8;13;2;28;2;3430;2024-03-07 19:31:53
2024-03-08;11152;2024-03-07 16:27:08;127525153.46;7;1;24;1;5899;2024-03-07 19:32:03
2024-03-08;11504;2024-03-07 19:32:01;127525153.46;24;0;7;0;5899;2024-03-07 19:32:03
2024-03-07;9832;2024-03-07 04:25:51;153988568.88;4;0;20;0;5428;2024-03-07 19:32:04
2024-03-07;11505;2024-03-07 19:32:02;153988568.88;20;3;4;3;5428;2024-03-07 19:32:04
2024-03-07;11321;2024-03-07 18:00:11;324505389.62;23;8;17;8;6492;2024-03-07 19:35:23
2024-03-07;11507;2024-03-07 19:35:21;324505389.62;17;0;23;0;6492;2024-03-07 19:35:23
2024-03-07;9880;2024-03-07 04:50:05;77678337.87;3;0;5;0;845;2024-03-07 19:35:27
2024-03-07;11508;2024-03-07 19:35:25;77678337.87;5;6;3;6;845;2024-03-07 19:35:27
2024-03-08;9012;2024-03-07 00:04:08;85502943.75;13;0;15;0;4529;2024-03-07 19:36:06
2024-03-08;11509;2024-03-07 19:36:04;85502943.75;15;2;13;2;4529;2024-03-07 19:36:06
2024-03-07;9743;2024-03-07 03:36:00;57657525.07;24;8;6;8;1768;2024-03-07 19:36:21
2024-03-07;11510;2024-03-07 19:36:19;57657525.07;6;0;24;0;1768;2024-03-07 19:36:21
2024-03-08;10678;2024-03-07 12:02:34;186361410.83;23;0;29;0;458;2024-03-07 19:37:20
2024-03-08;11511;2024-03-07 19:37:18;186361410.83;29;2;23;2;458;2024-03-07 19:37:20
2024-03-06;6431;2024-03-06 01:04:49;199916184.19;2;6;6;6;3009;2024-03-07 19:37:45
2024-03-06;11512;2024-03-07 19:37:43;199916184.19;6;0;2;0;3009;2024-03-07 19:37:45
2024-03-08;9560;2024-03-07 01:55:30;123332866.23;8;7;22;7;6136;2024-03-07 19:38:54
2024-03-08;11513;2024-03-07 19:38:52;123332866.23;22;0;8;0;6136;2024-03-07 19:38:54
2024-03-07;10472;2024-03-07 10:03:42;48040078.75;14;0;22;0;884;2024-03-07 19:41:17
2024-03-07;11518;2024-03-07 19:41:15;48040078.75;22;4;14;4;884;2024-03-07 19:41:17
2024-03-07;9699;2024-03-07 03:08:14;168763260.27;24;0;6;0;2619;2024-03-07 19:41:54
2024-03-07;11519;2024-03-07 19:41:52;168763260.27;6;2;24;2;2619;2024-03-07 19:41:54
2024-03-07;9130;2024-03-07 00:23:50;65199030.14;13;0;6;0;6367;2024-03-07 19:41:54
2024-03-07;11520;2024-03-07 19:41:52;65199030.14;6;6;13;6;6367;2024-03-07 19:41:54
2024-03-08;10302;2024-03-07 08:27:04;25663683.09;5;0;10;0;2200;2024-03-07 19:42:03
2024-03-08;11521;2024-03-07 19:42:01;25663683.09;10;7;5;7;2200;2024-03-07 19:42:03
2024-03-08;10299;2024-03-07 08:26:00;59789188.01;19;0;1;0;5148;2024-03-07 19:42:06
2024-03-08;11522;2024-03-07 19:42:04;59789188.01;1;2;19;2;5148;2024-03-07 19:42:06
2024-03-09;9172;2024-03-07 00:30:26;235697400.0;15;5;19;5;5706;2024-03-07 19:42:06
2024-03-09;11523;2024-03-07 19:42:04;235697400.0;19;0;15;0;5706;2024-03-07 19:42:06
2024-03-08;11488;2024-03-07 19:27:37;125991902.61;30;0;4;0;2917;2024-03-07 19:42:38
2024-03-08;11524;2024-03-07 19:42:36;125991902.61;4;4;30;4;2917;2024-03-07 19:42:38
2024-03-08;10549;2024-03-07 10:46:50;304451169.82;27;0;15;0;2825;2024-03-07 19:44:03
2024-03-08;11525;2024-03-07 19:44:01;304451169.82;15;3;27;3;2825;2024-03-07 19:44:03
2024-03-08;10624;2024-03-07 11:35:03;109671073.94;20;0;11;0;6853;2024-03-07 19:44:17
2024-03-08;11526;2024-03-07 19:44:15;109671073.94;11;8;20;8;6853;2024-03-07 19:44:17
2024-03-08;11200;2024-03-07 16:51:11;115169042.11;23;8;30;8;3080;2024-03-07 19:44:26
2024-03-08;11528;2024-03-07 19:44:24;115169042.11;30;0;23;0;3080;2024-03-07 19:44:26
2024-03-09;11100;2024-03-07 16:02:34;54134667.13;7;4;28;4;4964;2024-03-07 19:44:36
2024-03-09;11530;2024-03-07 19:44:34;54134667.13;28;0;7;0;4964;2024-03-07 19:44:36
2024-03-09;11392;2024-03-07 18:41:35;325359228.13;10;1;27;1;1494;2024-03-07 19:45:22
2024-03-09;11532;2024-03-07 19:45:20;325359228.13;27;0;10;0;1494;2024-03-07 19:45:22
2024-03-08;10273;2024-03-07 08:10:30;141849968.04;22;0;30;0;6555;2024-03-07 19:45:31
2024-03-08;11533;2024-03-07 19:45:29;141849968.04;30;1;22;1;6555;2024-03-07 19:45:31
2024-03-08;10738;2024-03-07 12:34:02;102414446.2;29;0;25;0;5016;2024-03-07 19:45:39
2024-03-08;11534;2024-03-07 19:45:37;102414446.2;25;2;29;2;5016;2024-03-07 19:45:39
2024-03-07;10205;2024-03-07 07:40:27;311225875.82;22;6;17;6;4111;2024-03-07 19:46:02
2024-03-07;11535;2024-03-07 19:46:00;311225875.82;17;0;22;0;4111;2024-03-07 19:46:02
2024-03-07;10814;2024-03-07 13:18:25;113519560.92;22;8;30;8;2871;2024-03-07 19:47:23
2024-03-07;11538;2024-03-07 19:47:21;113519560.92;30;0;22;0;2871;2024-03-07 19:47:23
2024-03-07;10670;2024-03-07 11:57:33;268079795.38;7;0;28;0;6219;2024-03-07 19:48:38
2024-03-07;11539;2024-03-07 19:48:36;268079795.38;28;6;7;6;6219;2024-03-07 19:48:38
2024-03-07;6526;2024-03-06 01:20:28;62200408.66;14;0;12;0;3301;2024-03-07 19:49:46
2024-03-07;11542;2024-03-07 19:49:44;62200408.66;12;1;14;1;3301;2024-03-07 19:49:46
2024-03-08;10100;2024-03-07 06:45:17;39848470.44;4;4;6;4;2587;2024-03-07 19:49:54
2024-03-08;11543;2024-03-07 19:49:52;39848470.44;6;0;4;0;2587;2024-03-07 19:49:54
2024-03-07;11105;2024-03-07 16:04:00;59773118.62;11;3;4;3;2250;2024-03-07 19:50:59
2024-03-07;11546;2024-03-07 19:50:57;59773118.62;4;0;11;0;2250;2024-03-07 19:50:59
2024-03-08;9317;2024-03-07 00:52:51;224116775.23;28;8;17;8;1215;2024-03-07 19:52:32
2024-03-08;11547;2024-03-07 19:52:30;224116775.23;17;0;28;0;1215;2024-03-07 19:52:32
2024-03-07;10973;2024-03-07 14:50:07;200523642.04;17;8;16;8;6610;2024-03-07 19:52:33
2024-03-07;11548;2024-03-07 19:52:31;200523642.04;16;0;17;0;6610;2024-03-07 19:52:33
2024-03-08;10801;2024-03-07 13:07:21;140669720.07;17;0;8;0;6140;2024-03-07 19:54:08
2024-03-08;11549;2024-03-07 19:54:06;140669720.07;8;7;17;7;6140;2024-03-07 19:54:08
2024-03-07;9790;2024-03-07 04:01:45;15251653.53;13;0;29;0;2294;2024-03-07 19:54:46
2024-03-07;11552;2024-03-07 19:54:44;15251653.53;29;2;13;2;2294;2024-03-07 19:54:46
2024-03-07;10808;2024-03-07 13:12:53;150909782.23;20;1;24;1;5940;2024-03-07 19:55:11
2024-03-07;11553;2024-03-07 19:55:09;150909782.23;24;0;20;0;5940;2024-03-07 19:55:11
2024-03-07;10461;2024-03-07 09:57:12;77112801.27;8;0;12;0;2079;2024-03-07 19:55:31
2024-03-07;11554;2024-03-07 19:55:29;77112801.27;12;1;8;1;2079;2024-03-07 19:55:31
2024-03-07;7676;2024-03-06 11:50:28;146177827.42;29;7;20;7;29;2024-03-07 19:55:59
2024-03-07;11556;2024-03-07 19:55:57;146177827.42;20;0;29;0;29;2024-03-07 19:55:59
2024-03-08;11226;2024-03-07 17:05:05;173395732.6;7;7;30;7;4607;2024-03-07 19:57:18
2024-03-08;11557;2024-03-07 19:57:16;173395732.6;30;0;7;0;4607;2024-03-07 19:57:18
2024-03-07;8359;2024-03-06 18:04:06;148421640.12;1;4;12;4;657;2024-03-07 19:58:15
2024-03-07;11558;2024-03-07 19:58:13;148421640.12;12;0;1;0;657;2024-03-07 19:58:15
2024-03-06;8700;2024-03-06 21:19:17;69678403.85;10;0;4;0;3719;2024-03-07 19:58:24
2024-03-06;11559;2024-03-07 19:58:22;69678403.85;4;7;10;7;3719;2024-03-07 19:58:24
2024-03-07;10878;2024-03-07 13:58:06;63480650.42;1;0;5;0;4530;2024-03-07 19:59:53
2024-03-07;11560;2024-03-07 19:59:51;63480650.42;5;1;1;1;4530;2024-03-07 19:59:53
2024-03-08;10525;2024-03-07 10:34:27;17233493.56;26;0;11;0;337;2024-03-07 20:00:11
2024-03-08;11561;2024-03-07 20:00:09;17233493.56;11;8;26;8;337;2024-03-07 20:00:11
2024-03-09;9921;2024-03-07 05:14:45;121052589.94;12;0;13;0;6287;2024-03-07 20:00:19
2024-03-09;11562;2024-03-07 20:00:17;121052589.94;13;6;12;6;6287;2024-03-07 20:00:19
2024-03-07;11390;2024-03-07 18:39:44;46733825.99;12;7;3;7;5098;2024-03-07 20:00:36
2024-03-07;11563;2024-03-07 20:00:34;46733825.99;3;0;12;0;5098;2024-03-07 20:00:36
2024-03-08;10456;2024-03-07 09:55:27;140305559.38;19;0;21;0;6148;2024-03-07 20:00:59
2024-03-08;11564;2024-03-07 20:00:57;140305559.38;21;3;19;3;6148;2024-03-07 20:00:59
2024-03-08;10891;2024-03-07 14:06:52;36921165.88;26;4;23;4;1033;2024-03-07 20:01:15
2024-03-08;11565;2024-03-07 20:01:13;36921165.88;23;0;26;0;1033;2024-03-07 20:01:15
2024-03-08;6937;2024-03-06 04:57:40;344005042.2;3;0;13;0;5842;2024-03-07 20:01:23
2024-03-08;11566;2024-03-07 20:01:21;344005042.2;13;5;3;5;5842;2024-03-07 20:01:23
2024-03-06;8318;2024-03-06 17:45:52;31257745.95;2;2;19;2;1263;2024-03-07 20:01:26
2024-03-06;11567;2024-03-07 20:01:24;31257745.95;19;0;2;0;1263;2024-03-07 20:01:26
2024-03-06;6134;2024-03-06 00:09:12;35345503.41;26;0;23;0;2219;2024-03-07 20:01:38
2024-03-06;11568;2024-03-07 20:01:36;35345503.41;23;7;26;7;2219;2024-03-07 20:01:38
2024-03-07;9700;2024-03-07 03:08:18;162969418.02;26;0;15;0;2484;2024-03-07 20:02:02
2024-03-07;11569;2024-03-07 20:02:00;162969418.02;15;6;26;6;2484;2024-03-07 20:02:02
2024-03-08;10488;2024-03-07 10:11:52;168850953.91;23;0;10;0;4777;2024-03-07 20:02:05
2024-03-08;11570;2024-03-07 20:02:03;168850953.91;10;2;23;2;4777;2024-03-07 20:02:05
2024-03-07;10522;2024-03-07 10:32:47;102525186.22;13;8;10;8;6269;2024-03-07 20:03:15
2024-03-07;11571;2024-03-07 20:03:13;102525186.22;10;0;13;0;6269;2024-03-07 20:03:15
2024-03-07;10333;2024-03-07 08:45:39;168083592.16;14;1;6;1;1996;2024-03-07 20:03:47
2024-03-07;11573;2024-03-07 20:03:45;168083592.16;6;0;14;0;1996;2024-03-07 20:03:47
2024-03-08;10257;2024-03-07 08:00:40;70950962.22;23;0;19;0;1039;2024-03-07 20:04:23
2024-03-08;11574;2024-03-07 20:04:21;70950962.22;19;2;23;2;1039;2024-03-07 20:04:23
2024-03-07;10097;2024-03-07 06:42:47;103681011.71;20;5;14;5;362;2024-03-07 20:04:26
2024-03-07;11575;2024-03-07 20:04:24;103681011.71;14;0;20;0;362;2024-03-07 20:04:26
2024-03-07;10032;2024-03-07 06:11:03;124928323.98;26;6;29;6;7301;2024-03-07 20:06:11
2024-03-07;11577;2024-03-07 20:06:09;124928323.98;29;0;26;0;7301;2024-03-07 20:06:11
2024-03-08;9576;2024-03-07 02:05:50;20383397.01;13;0;3;0;4414;2024-03-07 20:06:59
2024-03-08;11578;2024-03-07 20:06:57;20383397.01;3;1;13;1;4414;2024-03-07 20:06:59
2024-03-07;11264;2024-03-07 17:24:12;15427716.98;12;3;29;3;6987;2024-03-07 20:07:26
2024-03-07;11579;2024-03-07 20:07:24;15427716.98;29;0;12;0;6987;2024-03-07 20:07:26
2024-03-08;9176;2024-03-07 00:30:59;207873401.45;14;5;4;5;3187;2024-03-07 20:07:46
2024-03-08;11580;2024-03-07 20:07:44;207873401.45;4;0;14;0;3187;2024-03-07 20:07:46
2024-03-07;10039;2024-03-07 06:16:06;55193013.26;10;0;17;0;6821;2024-03-07 20:08:29
2024-03-07;11581;2024-03-07 20:08:27;55193013.26;17;6;10;6;6821;2024-03-07 20:08:29
2024-03-07;9620;2024-03-07 02:29:15;66474988.45;28;0;9;0;4977;2024-03-07 20:10:11
2024-03-07;11584;2024-03-07 20:10:09;66474988.45;9;2;28;2;4977;2024-03-07 20:10:11
2024-03-08;10372;2024-03-07 09:11:24;32604851.06;10;0;13;0;4440;2024-03-07 20:10:37
2024-03-08;11585;2024-03-07 20:10:35;32604851.06;13;1;10;1;4440;2024-03-07 20:10:37
2024-03-07;11074;2024-03-07 15:45:33;196076697.79;1;1;4;1;5821;2024-03-07 20:10:51
2024-03-07;11586;2024-03-07 20:10:49;196076697.79;4;0;1;0;5821;2024-03-07 20:10:51
2024-03-07;10473;2024-03-07 10:04:17;105129389.87;15;6;1;6;3033;2024-03-07 20:11:50
2024-03-07;11587;2024-03-07 20:11:48;105129389.87;1;0;15;0;3033;2024-03-07 20:11:50
2024-03-08;11515;2024-03-07 19:39:46;108114702.66;7;0;25;0;7067;2024-03-07 20:11:53
2024-03-08;11588;2024-03-07 20:11:51;108114702.66;25;8;7;8;7067;2024-03-07 20:11:53
2024-03-09;10853;2024-03-07 13:41:30;45136362.23;1;0;15;0;3046;2024-03-07 20:12:10
2024-03-09;11589;2024-03-07 20:12:08;45136362.23;15;7;1;7;3046;2024-03-07 20:12:10
2024-03-07;10502;2024-03-07 10:20:10;49808481.81;7;3;16;3;5809;2024-03-07 20:12:16
2024-03-07;11590;2024-03-07 20:12:14;49808481.81;16;0;7;0;5809;2024-03-07 20:12:16
2024-03-07;7963;2024-03-06 14:21:33;94552274.65;24;0;22;0;7348;2024-03-07 20:12:57
2024-03-07;11591;2024-03-07 20:12:55;94552274.65;22;1;24;1;7348;2024-03-07 20:12:57
2024-03-08;10444;2024-03-07 09:51:04;119534798.88;15;0;23;0;6167;2024-03-07 20:14:46
2024-03-08;11593;2024-03-07 20:14:44;119534798.88;23;4;15;4;6167;2024-03-07 20:14:46
2024-03-07;10283;2024-03-07 08:18:00;54839196.84;13;0;6;0;1813;2024-03-07 20:15:33
2024-03-07;11594;2024-03-07 20:15:31;54839196.84;6;7;13;7;1813;2024-03-07 20:15:33
2024-03-06;7376;2024-03-06 09:07:26;103072387.04;28;6;22;6;1007;2024-03-07 20:16:20
2024-03-06;11595;2024-03-07 20:16:18;103072387.04;22;0;28;0;1007;2024-03-07 20:16:20
2024-03-08;9257;2024-03-07 00:45:12;81462889.3;8;2;21;2;3739;2024-03-07 20:17:48
2024-03-08;11596;2024-03-07 20:17:46;81462889.3;21;0;8;0;3739;2024-03-07 20:17:48
2024-03-07;9605;2024-03-07 02:22:30;93833680.27;21;0;28;0;235;2024-03-07 20:18:15
2024-03-07;11598;2024-03-07 20:18:13;93833680.27;28;6;21;6;235;2024-03-07 20:18:15
2024-03-08;10912;2024-03-07 14:17:44;63096572.01;26;7;17;7;2481;2024-03-07 20:18:42
2024-03-08;11599;2024-03-07 20:18:40;63096572.01;17;0;26;0;2481;2024-03-07 20:18:42
2024-03-07;10458;2024-03-07 09:56:11;58491099.8;15;2;25;2;4156;2024-03-07 20:19:09
2024-03-07;11600;2024-03-07 20:19:07;58491099.8;25;0;15;0;4156;2024-03-07 20:19:09
2024-03-06;6996;2024-03-06 05:28:11;100425622.61;5;0;18;0;1752;2024-03-07 20:20:00
2024-03-06;11602;2024-03-07 20:19:58;100425622.61;18;2;5;2;1752;2024-03-07 20:20:00
2024-03-08;11015;2024-03-07 15:17:05;101429215.83;6;0;4;0;6526;2024-03-07 20:20:13
2024-03-08;11603;2024-03-07 20:20:11;101429215.83;4;5;6;5;6526;2024-03-07 20:20:13
2024-03-08;10452;2024-03-07 09:54:06;11415361.87;8;0;16;0;27;2024-03-07 20:21:56
2024-03-08;11605;2024-03-07 20:21:54;11415361.87;16;4;8;4;27;2024-03-07 20:21:56
2024-03-07;10579;2024-03-07 11:09:34;36151091.59;11;0;8;0;6837;2024-03-07 20:22:47
2024-03-07;11606;2024-03-07 20:22:45;36151091.59;8;7;11;7;6837;2024-03-07 20:22:47
2024-03-09;11280;2024-03-07 17:39:29;179315902.63;16;5;28;5;3469;2024-03-07 20:23:24
2024-03-09;11607;2024-03-07 20:23:22;179315902.63;28;0;16;0;3469;2024-03-07 20:23:24
2024-03-08;10025;2024-03-07 06:09:05;112636060.72;25;0;7;0;756;2024-03-07 20:23:31
2024-03-08;11608;2024-03-07 20:23:29;112636060.72;7;4;25;4;756;2024-03-07 20:23:31
2024-03-08;10403;2024-03-07 09:25:35;481564860.57;4;6;2;6;3562;2024-03-07 20:24:11
2024-03-08;11610;2024-03-07 20:24:09;481564860.57;2;0;4;0;3562;2024-03-07 20:24:11
2024-03-06;7604;2024-03-06 11:06:38;68788835.6;10;0;27;0;6551;2024-03-07 20:24:52
2024-03-06;11611;2024-03-07 20:24:50;68788835.6;27;1;10;1;6551;2024-03-07 20:24:52
2024-03-08;9143;2024-03-07 00:26:07;155358336.96;20;0;19;0;2088;2024-03-07 20:25:47
2024-03-08;11612;2024-03-07 20:25:45;155358336.96;19;8;20;8;2088;2024-03-07 20:25:47
2024-03-07;11397;2024-03-07 18:43:09;44849263.42;22;5;11;5;1889;2024-03-07 20:26:12
2024-03-07;11614;2024-03-07 20:26:10;44849263.42;11;0;22;0;1889;2024-03-07 20:26:12
2024-03-07;11244;2024-03-07 17:15:17;102041355.2;15;4;4;4;3131;2024-03-07 20:26:50
2024-03-07;11615;2024-03-07 20:26:48;102041355.2;4;0;15;0;3131;2024-03-07 20:26:50
2024-03-07;10737;2024-03-07 12:33:53;300232396.59;7;1;2;1;3157;2024-03-07 20:27:59
2024-03-07;11617;2024-03-07 20:27:57;300232396.59;2;0;7;0;3157;2024-03-07 20:27:59
2024-03-09;11060;2024-03-07 15:38:22;249472805.69;12;6;27;6;1358;2024-03-07 20:28:25
2024-03-09;11618;2024-03-07 20:28:23;249472805.69;27;0;12;0;1358;2024-03-07 20:28:25
2024-03-09;10870;2024-03-07 13:54:03;5623789.36;20;8;8;8;2312;2024-03-07 20:28:34
2024-03-09;11619;2024-03-07 20:28:32;5623789.36;8;0;20;0;2312;2024-03-07 20:28:34
2024-03-08;8812;2024-03-06 22:18:56;74941975.16;29;2;19;2;2712;2024-03-07 20:29:08
2024-03-08;11620;2024-03-07 20:29:06;74941975.16;19;0;29;0;2712;2024-03-07 20:29:08
2024-03-07;10031;2024-03-07 06:10:54;57018337.46;6;8;22;8;2347;2024-03-07 20:30:53
2024-03-07;11623;2024-03-07 20:30:51;57018337.46;22;0;6;0;2347;2024-03-07 20:30:53
2024-03-08;9951;2024-03-07 05:32:41;147077066.7;25;6;4;6;770;2024-03-07 20:32:08
2024-03-08;11624;2024-03-07 20:32:06;147077066.7;4;0;25;0;770;2024-03-07 20:32:08
2024-03-09;9494;2024-03-07 01:24:50;351591000.51;3;0;22;0;3395;2024-03-07 20:33:47
2024-03-09;11627;2024-03-07 20:33:45;351591000.51;22;1;3;1;3395;2024-03-07 20:33:47
2024-03-08;11163;2024-03-07 16:32:40;72375806.69;15;0;13;0;4979;2024-03-07 20:33:49
2024-03-08;11628;2024-03-07 20:33:47;72375806.69;13;7;15;7;4979;2024-03-07 20:33:49
2024-03-07;9089;2024-03-07 00:16:29;33078952.49;19;0;5;0;1069;2024-03-07 20:34:58
2024-03-07;11629;2024-03-07 20:34:56;33078952.49;5;4;19;4;1069;2024-03-07 20:34:58
2024-03-07;10919;2024-03-07 14:24:01;57396862.7;28;0;12;0;6934;2024-03-07 20:35:01
2024-03-07;11630;2024-03-07 20:34:59;57396862.7;12;1;28;1;6934;2024-03-07 20:35:01
2024-03-08;9559;2024-03-07 01:54:34;47245859.71;21;6;10;6;7442;2024-03-07 20:35:04
2024-03-08;11631;2024-03-07 20:35:02;47245859.71;10;0;21;0;7442;2024-03-07 20:35:04
2024-03-08;9300;2024-03-07 00:50:44;102674588.65;8;4;29;4;2108;2024-03-07 20:35:24
2024-03-08;11632;2024-03-07 20:35:22;102674588.65;29;0;8;0;2108;2024-03-07 20:35:24
2024-03-07;10836;2024-03-07 13:32:05;100454544.82;9;0;1;0;505;2024-03-07 20:35:50
2024-03-07;11634;2024-03-07 20:35:48;100454544.82;1;1;9;1;505;2024-03-07 20:35:50
2024-03-08;11209;2024-03-07 16:53:27;185216573.66;13;1;25;1;2647;2024-03-07 20:36:37
2024-03-08;11636;2024-03-07 20:36:35;185216573.66;25;0;13;0;2647;2024-03-07 20:36:37
2024-03-07;11319;2024-03-07 17:59:28;194021504.0;5;7;12;7;5393;2024-03-07 20:37:15
2024-03-07;11637;2024-03-07 20:37:13;194021504.0;12;0;5;0;5393;2024-03-07 20:37:15
2024-03-08;9606;2024-03-07 02:22:36;155167028.05;30;0;22;0;6220;2024-03-07 20:37:39
2024-03-08;11638;2024-03-07 20:37:37;155167028.05;22;6;30;6;6220;2024-03-07 20:37:39
2024-03-09;10552;2024-03-07 10:48:35;92423188.52;7;0;6;0;1167;2024-03-07 20:38:45
2024-03-09;11640;2024-03-07 20:38:43;92423188.52;6;4;7;4;1167;2024-03-07 20:38:45
2024-03-08;9549;2024-03-07 01:49:35;127194981.72;17;0;27;0;4447;2024-03-07 20:40:15
2024-03-08;11641;2024-03-07 20:40:13;127194981.72;27;4;17;4;4447;2024-03-07 20:40:15
2024-03-07;9754;2024-03-07 03:42:09;37778460.39;12;7;30;7;3278;2024-03-07 20:41:26
2024-03-07;11643;2024-03-07 20:41:24;37778460.39;30;0;12;0;3278;2024-03-07 20:41:26
2024-03-08;10773;2024-03-07 12:54:09;27711162.74;13;5;11;5;2540;2024-03-07 20:43:13
2024-03-08;11645;2024-03-07 20:43:11;27711162.74;11;0;13;0;2540;2024-03-07 20:43:13
2024-03-07;9486;2024-03-07 01:22:30;105917339.35;30;0;3;0;3250;2024-03-07 20:43:58
2024-03-07;11646;2024-03-07 20:43:56;105917339.35;3;2;30;2;3250;2024-03-07 20:43:58
2024-03-08;10013;2024-03-07 06:04:27;55454483.19;20;8;14;8;693;2024-03-07 20:44:01
2024-03-08;11647;2024-03-07 20:43:59;55454483.19;14;0;20;0;693;2024-03-07 20:44:01
2024-03-07;10883;2024-03-07 14:01:40;178249031.55;4;0;19;0;2685;2024-03-07 20:44:41
2024-03-07;11648;2024-03-07 20:44:39;178249031.55;19;6;4;6;2685;2024-03-07 20:44:41
2024-03-08;9840;2024-03-07 04:30:33;68516762.22;23;7;29;7;241;2024-03-07 20:45:46
2024-03-08;11649;2024-03-07 20:45:44;68516762.22;29;0;23;0;241;2024-03-07 20:45:46
2024-03-08;9447;2024-03-07 01:15:39;455870411.07;2;0;30;0;6984;2024-03-07 20:46:09
2024-03-08;11650;2024-03-07 20:46:07;455870411.07;30;7;2;7;6984;2024-03-07 20:46:09
2024-03-07;10594;2024-03-07 11:17:54;22534874.33;26;0;20;0;4671;2024-03-07 20:46:13
2024-03-07;11651;2024-03-07 20:46:11;22534874.33;20;8;26;8;4671;2024-03-07 20:46:13
2024-03-08;9355;2024-03-07 00:59:42;288000312.2;3;0;20;0;5801;2024-03-07 20:46:29
2024-03-08;11653;2024-03-07 20:46:27;288000312.2;20;6;3;6;5801;2024-03-07 20:46:29
2024-03-07;9945;2024-03-07 05:30:17;108021806.74;25;1;15;1;1181;2024-03-07 20:48:03
2024-03-07;11654;2024-03-07 20:48:01;108021806.74;15;0;25;0;1181;2024-03-07 20:48:03
2024-03-07;10979;2024-03-07 14:53:22;87577559.44;8;8;25;8;1804;2024-03-07 20:49:24
2024-03-07;11655;2024-03-07 20:49:22;87577559.44;25;0;8;0;1804;2024-03-07 20:49:24
2024-03-07;9761;2024-03-07 03:46:52;31574081.61;11;7;18;7;7035;2024-03-07 20:50:16
2024-03-07;11656;2024-03-07 20:50:14;31574081.61;18;0;11;0;7035;2024-03-07 20:50:16
2024-03-07;6293;2024-03-06 00:39:06;128213415.55;6;3;20;3;1319;2024-03-07 20:51:33
2024-03-07;11657;2024-03-07 20:51:31;128213415.55;20;0;6;0;1319;2024-03-07 20:51:33
2024-03-06;7195;2024-03-06 07:24:10;324865717.23;16;5;17;5;2974;2024-03-07 20:51:51
2024-03-06;11658;2024-03-07 20:51:49;324865717.23;17;0;16;0;2974;2024-03-07 20:51:51
2024-03-08;9287;2024-03-07 00:49:10;439538894.83;17;5;2;5;3942;2024-03-07 20:53:41
2024-03-08;11660;2024-03-07 20:53:39;439538894.83;2;0;17;0;3942;2024-03-07 20:53:41
2024-03-07;10725;2024-03-07 12:25:45;18499867.94;12;0;1;0;105;2024-03-07 20:54:03
2024-03-07;11661;2024-03-07 20:54:01;18499867.94;1;8;12;8;105;2024-03-07 20:54:03
2024-03-08;11625;2024-03-07 20:32:13;71751683.87;5;0;1;0;1560;2024-03-07 20:55:29
2024-03-08;11663;2024-03-07 20:55:27;71751683.87;1;8;5;8;1560;2024-03-07 20:55:29
2024-03-08;6855;2024-03-06 04:13:10;83000050.57;15;7;22;7;2480;2024-03-07 20:57:05
2024-03-08;11664;2024-03-07 20:57:03;83000050.57;22;0;15;0;2480;2024-03-07 20:57:05
2024-03-08;11403;2024-03-07 18:44:54;8411539.83;29;0;20;0;745;2024-03-07 20:57:50
2024-03-08;11665;2024-03-07 20:57:48;8411539.83;20;2;29;2;745;2024-03-07 20:57:50
2024-03-07;11346;2024-03-07 18:09:09;132117747.24;1;7;6;7;6512;2024-03-07 20:58:44
2024-03-07;11667;2024-03-07 20:58:42;132117747.24;6;0;1;0;6512;2024-03-07 20:58:44
2024-03-07;11639;2024-03-07 20:38:24;291767465.49;13;1;7;1;1111;2024-03-07 21:00:11
2024-03-07;11668;2024-03-07 21:00:09;291767465.49;7;0;13;0;1111;2024-03-07 21:00:11
2024-03-08;11613;2024-03-07 20:26:01;225409275.8;27;0;2;0;357;2024-03-07 21:00:57
2024-03-08;11670;2024-03-07 21:00:55;225409275.8;2;4;27;4;357;2024-03-07 21:00:57
2024-03-08;9345;2024-03-07 00:57:50;66124597.61;30;6;5;6;3038;2024-03-07 21:01:26
2024-03-08;11671;2024-03-07 21:01:24;66124597.61;5;0;30;0;3038;2024-03-07 21:01:26
2024-03-08;9062;2024-03-07 00:11:15;35468660.68;24;3;1;3;4788;2024-03-07 21:02:54
2024-03-08;11672;2024-03-07 21:02:52;35468660.68;1;0;24;0;4788;2024-03-07 21:02:54
2024-03-07;11371;2024-03-07 18:26:00;22722610.12;15;0;10;0;4225;2024-03-07 21:04:07
2024-03-07;11673;2024-03-07 21:04:05;22722610.12;10;2;15;2;4225;2024-03-07 21:04:07
2024-03-08;11377;2024-03-07 18:33:10;68903400.77;12;0;8;0;6422;2024-03-07 21:04:48
2024-03-08;11674;2024-03-07 21:04:46;68903400.77;8;6;12;6;6422;2024-03-07 21:04:48
2024-03-08;10276;2024-03-07 08:12:55;84853137.63;5;8;8;8;3979;2024-03-07 21:05:07
2024-03-08;11675;2024-03-07 21:05:05;84853137.63;8;0;5;0;3979;2024-03-07 21:05:07
2024-03-07;9289;2024-03-07 00:49:19;135435968.07;3;0;6;0;5894;2024-03-07 21:05:31
2024-03-07;11676;2024-03-07 21:05:29;135435968.07;6;6;3;6;5894;2024-03-07 21:05:31
2024-03-07;7515;2024-03-06 10:18:46;150301865.92;12;0;9;0;512;2024-03-07 21:06:24
2024-03-07;11677;2024-03-07 21:06:22;150301865.92;9;2;12;2;512;2024-03-07 21:06:24
2024-03-08;10292;2024-03-07 08:22:14;46700521.29;8;0;9;0;6568;2024-03-07 21:06:38
2024-03-08;11678;2024-03-07 21:06:36;46700521.29;9;8;8;8;6568;2024-03-07 21:06:38
2024-03-07;6603;2024-03-06 01:35:49;72814961.66;8;7;12;7;5051;2024-03-07 21:06:53
2024-03-07;11680;2024-03-07 21:06:51;72814961.66;12;0;8;0;5051;2024-03-07 21:06:53
2024-03-08;9548;2024-03-07 01:48:27;357770993.7;3;0;23;0;4345;2024-03-07 21:07:28
2024-03-08;11681;2024-03-07 21:07:26;357770993.7;23;7;3;7;4345;2024-03-07 21:07:28
2024-03-07;9838;2024-03-07 04:30:15;181502390.68;21;4;17;4;231;2024-03-07 21:07:49
2024-03-07;11682;2024-03-07 21:07:47;181502390.68;17;0;21;0;231;2024-03-07 21:07:49
2024-03-07;8577;2024-03-06 20:21:24;174217039.56;4;7;18;7;4926;2024-03-07 21:08:06
2024-03-07;11683;2024-03-07 21:08:04;174217039.56;18;0;4;0;4926;2024-03-07 21:08:06
2024-03-08;11662;2024-03-07 20:55:00;144097340.45;10;6;5;6;4341;2024-03-07 21:08:23
2024-03-08;11684;2024-03-07 21:08:21;144097340.45;5;0;10;0;4341;2024-03-07 21:08:23
2024-03-09;9852;2024-03-07 04:36:09;96696008.37;16;3;14;3;5740;2024-03-07 21:09:21
2024-03-09;11686;2024-03-07 21:09:19;96696008.37;14;0;16;0;5740;2024-03-07 21:09:21
2024-03-07;8714;2024-03-06 21:26:50;169027029.74;15;2;24;2;2167;2024-03-07 21:10:13
2024-03-07;11687;2024-03-07 21:10:11;169027029.74;24;0;15;0;2167;2024-03-07 21:10:13
2024-03-07;11436;2024-03-07 19:04:35;177886243.53;28;0;19;0;4030;2024-03-07 21:10:21
2024-03-07;11688;2024-03-07 21:10:19;177886243.53;19;1;28;1;4030;2024-03-07 21:10:21
2024-03-07;9276;2024-03-07 00:47:17;227505414.28;2;0;26;0;3324;2024-03-07 21:11:41
2024-03-07;11689;2024-03-07 21:11:39;227505414.28;26;8;2;8;3324;2024-03-07 21:11:41
2024-03-08;9126;2024-03-07 00:22:55;9947063.82;10;0;12;0;6862;2024-03-07 21:13:22
2024-03-08;11693;2024-03-07 21:13:20;9947063.82;12;4;10;4;6862;2024-03-07 21:13:22
2024-03-09;10129;2024-03-07 07:00:45;164237582.98;5;3;12;3;1128;2024-03-07 21:13:46
2024-03-09;11694;2024-03-07 21:13:44;164237582.98;12;0;5;0;1128;2024-03-07 21:13:46
2024-03-08;10943;2024-03-07 14:35:57;47852944.48;10;0;30;0;2363;2024-03-07 21:14:49
2024-03-08;11695;2024-03-07 21:14:47;47852944.48;30;4;10;4;2363;2024-03-07 21:14:49
2024-03-09;10279;2024-03-07 08:14:35;55369435.24;6;0;22;0;5253;2024-03-07 21:15:11
2024-03-09;11696;2024-03-07 21:15:09;55369435.24;22;4;6;4;5253;2024-03-07 21:15:11
2024-03-08;9775;2024-03-07 03:54:13;143258841.08;16;0;9;0;870;2024-03-07 21:15:12
2024-03-08;11697;2024-03-07 21:15:10;143258841.08;9;5;16;5;870;2024-03-07 21:15:12
2024-03-08;9022;2024-03-07 00:05:29;390745044.55;19;4;2;4;117;2024-03-07 21:16:16
2024-03-08;11698;2024-03-07 21:16:14;390745044.55;2;0;19;0;117;2024-03-07 21:16:16
2024-03-06;8651;2024-03-06 20:54:58;73525442.75;29;0;3;0;1815;2024-03-07 21:16:21
2024-03-06;11699;2024-03-07 21:16:19;73525442.75;3;1;29;1;1815;2024-03-07 21:16:21
2024-03-07;10688;2024-03-07 12:09:08;107429040.7;17;0;26;0;4887;2024-03-07 21:17:09
2024-03-07;11702;2024-03-07 21:17:07;107429040.7;26;4;17;4;4887;2024-03-07 21:17:09
2024-03-08;10482;2024-03-07 10:08:20;72099207.13;30;2;10;2;4714;2024-03-07 21:17:51
2024-03-08;11703;2024-03-07 21:17:49;72099207.13;10;0;30;0;4714;2024-03-07 21:17:51
2024-03-08;10233;2024-03-07 07:52:25;238611622.15;20;4;15;4;1102;2024-03-07 21:21:45
2024-03-08;11709;2024-03-07 21:21:43;238611622.15;15;0;20;0;1102;2024-03-07 21:21:45
2024-03-07;9766;2024-03-07 03:49:35;193884664.12;4;0;9;0;4240;2024-03-07 21:21:55
2024-03-07;11710;2024-03-07 21:21:53;193884664.12;9;8;4;8;4240;2024-03-07 21:21:55
2024-03-09;11095;2024-03-07 16:00:21;156333426.37;12;0;8;0;579;2024-03-07 21:22:56
2024-03-09;11711;2024-03-07 21:22:54;156333426.37;8;6;12;6;579;2024-03-07 21:22:56
2024-03-07;10249;2024-03-07 07:59:11;22713300.77;6;4;5;4;4754;2024-03-07 21:23:31
2024-03-07;11712;2024-03-07 21:23:29;22713300.77;5;0;6;0;4754;2024-03-07 21:23:31
2024-03-07;9108;2024-03-07 00:20:17;135569619.76;22;0;8;0;5050;2024-03-07 21:23:38
2024-03-07;11713;2024-03-07 21:23:36;135569619.76;8;7;22;7;5050;2024-03-07 21:23:38
2024-03-07;10673;2024-03-07 11:59:14;69317467.84;8;0;4;0;5228;2024-03-07 21:24:13
2024-03-07;11714;2024-03-07 21:24:11;69317467.84;4;7;8;7;5228;2024-03-07 21:24:13
2024-03-07;10121;2024-03-07 06:54:59;162882839.45;4;1;19;1;4336;2024-03-07 21:25:24
2024-03-07;11715;2024-03-07 21:25:22;162882839.45;19;0;4;0;4336;2024-03-07 21:25:24
2024-03-09;9238;2024-03-07 00:43:17;56870971.87;2;3;3;3;5629;2024-03-07 21:25:39
2024-03-09;11716;2024-03-07 21:25:37;56870971.87;3;0;2;0;5629;2024-03-07 21:25:39
2024-03-08;7112;2024-03-06 06:35:05;126083071.66;16;2;26;2;1723;2024-03-07 21:26:27
2024-03-08;11717;2024-03-07 21:26:25;126083071.66;26;0;16;0;1723;2024-03-07 21:26:27
2024-03-07;9663;2024-03-07 02:52:54;189601570.23;13;4;28;4;1155;2024-03-07 21:27:02
2024-03-07;11718;2024-03-07 21:27:00;189601570.23;28;0;13;0;1155;2024-03-07 21:27:02
2024-03-09;9102;2024-03-07 00:19:21;38754624.76;18;7;13;7;501;2024-03-07 21:27:05
2024-03-09;11719;2024-03-07 21:27:03;38754624.76;13;0;18;0;501;2024-03-07 21:27:05
2024-03-07;11407;2024-03-07 18:46:06;150200548.44;29;0;13;0;3662;2024-03-07 21:28:24
2024-03-07;11721;2024-03-07 21:28:22;150200548.44;13;3;29;3;3662;2024-03-07 21:28:24
2024-03-07;9489;2024-03-07 01:23:52;318294309.3;2;0;7;0;813;2024-03-07 21:29:00
2024-03-07;11722;2024-03-07 21:28:58;318294309.3;7;4;2;4;813;2024-03-07 21:29:00
2024-03-06;8139;2024-03-06 16:03:29;28396919.98;15;0;30;0;3849;2024-03-07 21:29:03
2024-03-06;11723;2024-03-07 21:29:01;28396919.98;30;1;15;1;3849;2024-03-07 21:29:03
2024-03-07;10974;2024-03-07 14:51:28;333033635.58;27;0;11;0;5806;2024-03-07 21:29:37
2024-03-07;11724;2024-03-07 21:29:35;333033635.58;11;4;27;4;5806;2024-03-07 21:29:37
2024-03-07;9478;2024-03-07 01:20:41;57575137.97;7;0;12;0;3436;2024-03-07 21:29:50
2024-03-07;11725;2024-03-07 21:29:48;57575137.97;12;3;7;3;3436;2024-03-07 21:29:50
2024-03-07;9622;2024-03-07 02:29:50;115864749.73;14;0;17;0;4498;2024-03-07 21:29:56
2024-03-07;11726;2024-03-07 21:29:54;115864749.73;17;1;14;1;4498;2024-03-07 21:29:56
2024-03-08;9849;2024-03-07 04:34:37;84651764.28;13;0;26;0;901;2024-03-07 21:30:40
2024-03-08;11727;2024-03-07 21:30:38;84651764.28;26;3;13;3;901;2024-03-07 21:30:40
2024-03-07;7324;2024-03-06 08:35:35;151223572.91;4;5;6;5;7453;2024-03-07 21:31:19
2024-03-07;11728;2024-03-07 21:31:17;151223572.91;6;0;4;0;7453;2024-03-07 21:31:19
2024-03-07;7784;2024-03-06 12:46:46;66002711.99;8;0;29;0;119;2024-03-07 21:33:00
2024-03-07;11729;2024-03-07 21:32:58;66002711.99;29;4;8;4;119;2024-03-07 21:33:00
2024-03-08;10072;2024-03-07 06:30:17;26498270.14;22;0;6;0;3566;2024-03-07 21:33:48
2024-03-08;11730;2024-03-07 21:33:46;26498270.14;6;3;22;3;3566;2024-03-07 21:33:48
2024-03-08;9136;2024-03-07 00:24:17;97271596.82;3;8;10;8;1034;2024-03-07 21:34:08
2024-03-08;11731;2024-03-07 21:34:06;97271596.82;10;0;3;0;1034;2024-03-07 21:34:08
2024-03-07;10415;2024-03-07 09:32:28;40120849.58;24;0;20;0;4750;2024-03-07 21:34:38
2024-03-07;11732;2024-03-07 21:34:36;40120849.58;20;6;24;6;4750;2024-03-07 21:34:38
2024-03-07;11325;2024-03-07 18:00:29;179745749.88;4;0;8;0;1936;2024-03-07 21:35:09
2024-03-07;11733;2024-03-07 21:35:07;179745749.88;8;7;4;7;1936;2024-03-07 21:35:09
2024-03-08;9747;2024-03-07 03:41:03;380345135.49;27;2;2;2;5384;2024-03-07 21:35:38
2024-03-08;11734;2024-03-07 21:35:36;380345135.49;2;0;27;0;5384;2024-03-07 21:35:38
2024-03-07;11506;2024-03-07 19:33:13;114794536.25;14;0;3;0;2281;2024-03-07 21:35:52
2024-03-07;11735;2024-03-07 21:35:50;114794536.25;3;4;14;4;2281;2024-03-07 21:35:52
2024-03-07;9096;2024-03-07 00:18:05;57070948.47;24;0;20;0;39;2024-03-07 21:36:14
2024-03-07;11736;2024-03-07 21:36:12;57070948.47;20;3;24;3;39;2024-03-07 21:36:14
2024-03-07;9819;2024-03-07 04:17:28;78999445.15;23;2;13;2;3770;2024-03-07 21:37:37
2024-03-07;11738;2024-03-07 21:37:35;78999445.15;13;0;23;0;3770;2024-03-07 21:37:37
2024-03-08;11237;2024-03-07 17:12:12;160706092.28;16;0;30;0;3805;2024-03-07 21:38:24
2024-03-08;11739;2024-03-07 21:38:22;160706092.28;30;6;16;6;3805;2024-03-07 21:38:24
2024-03-07;9883;2024-03-07 04:50:38;38333207.93;29;2;9;2;6385;2024-03-07 21:38:58
2024-03-07;11740;2024-03-07 21:38:56;38333207.93;9;0;29;0;6385;2024-03-07 21:38:58
2024-03-08;9594;2024-03-07 02:16:34;61984343.71;6;7;13;7;6802;2024-03-07 21:39:53
2024-03-08;11741;2024-03-07 21:39:51;61984343.71;13;0;6;0;6802;2024-03-07 21:39:53
2024-03-07;6232;2024-03-06 00:26:42;60086687.6;23;8;17;8;1146;2024-03-07 21:40:19
2024-03-07;11742;2024-03-07 21:40:17;60086687.6;17;0;23;0;1146;2024-03-07 21:40:19
2024-03-06;6265;2024-03-06 00:33:46;17276486.61;11;0;4;0;5956;2024-03-07 21:41:55
2024-03-06;11743;2024-03-07 21:41:53;17276486.61;4;8;11;8;5956;2024-03-07 21:41:55
2024-03-08;9497;2024-03-07 01:25:17;160177601.39;30;0;26;0;6810;2024-03-07 21:42:31
2024-03-08;11744;2024-03-07 21:42:29;160177601.39;26;4;30;4;6810;2024-03-07 21:42:31
2024-03-08;11088;2024-03-07 15:55:01;25681821.67;19;0;3;0;1074;2024-03-07 21:43:10
2024-03-08;11746;2024-03-07 21:43:08;25681821.67;3;3;19;3;1074;2024-03-07 21:43:10
2024-03-09;9943;2024-03-07 05:29:24;45582279.17;10;0;21;0;500;2024-03-07 21:44:26
2024-03-09;11747;2024-03-07 21:44:24;45582279.17;21;5;10;5;500;2024-03-07 21:44:26
2024-03-07;9216;2024-03-07 00:39:24;101908746.43;15;0;22;0;3239;2024-03-07 21:44:30
2024-03-07;11748;2024-03-07 21:44:28;101908746.43;22;7;15;7;3239;2024-03-07 21:44:30
2024-03-09;9035;2024-03-07 00:07:35;50412288.86;10;4;15;4;3745;2024-03-07 21:45:10
2024-03-09;11749;2024-03-07 21:45:08;50412288.86;15;0;10;0;3745;2024-03-07 21:45:10
2024-03-08;10479;2024-03-07 10:07:38;58259927.87;4;0;19;0;3153;2024-03-07 21:45:31
2024-03-08;11750;2024-03-07 21:45:29;58259927.87;19;1;4;1;3153;2024-03-07 21:45:31
2024-03-09;9780;2024-03-07 03:56:48;200759641.92;16;0;21;0;4195;2024-03-07 21:46:07
2024-03-09;11751;2024-03-07 21:46:05;200759641.92;21;5;16;5;4195;2024-03-07 21:46:07
2024-03-08;10627;2024-03-07 11:37:02;217364503.33;23;0;15;0;6858;2024-03-07 21:46:39
2024-03-08;11752;2024-03-07 21:46:37;217364503.33;15;8;23;8;6858;2024-03-07 21:46:39
2024-03-07;8746;2024-03-06 21:39:47;243412402.76;23;4;7;4;5756;2024-03-07 21:46:54
2024-03-07;11753;2024-03-07 21:46:52;243412402.76;7;0;23;0;5756;2024-03-07 21:46:54
2024-03-07;7272;2024-03-06 08:12:32;59912361.54;10;0;11;0;2470;2024-03-07 21:47:09
2024-03-07;11754;2024-03-07 21:47:07;59912361.54;11;1;10;1;2470;2024-03-07 21:47:09
2024-03-07;11385;2024-03-07 18:37:04;69706265.37;9;0;16;0;3286;2024-03-07 21:47:48
2024-03-07;11755;2024-03-07 21:47:46;69706265.37;16;1;9;1;3286;2024-03-07 21:47:48
2024-03-08;11691;2024-03-07 21:12:33;130510530.01;1;1;22;1;3694;2024-03-07 21:47:54
2024-03-08;11756;2024-03-07 21:47:52;130510530.01;22;0;1;0;3694;2024-03-07 21:47:54
2024-03-09;10546;2024-03-07 10:45:57;43941917.64;5;8;8;8;3462;2024-03-07 21:48:28
2024-03-09;11757;2024-03-07 21:48:26;43941917.64;8;0;5;0;3462;2024-03-07 21:48:28
2024-03-07;9750;2024-03-07 03:41:29;12548616.59;14;0;5;0;999;2024-03-07 21:48:48
2024-03-07;11758;2024-03-07 21:48:46;12548616.59;5;5;14;5;999;2024-03-07 21:48:48
2024-03-08;10228;2024-03-07 07:49:27;24780146.63;26;0;13;0;1076;2024-03-07 21:49:18
2024-03-08;11760;2024-03-07 21:49:16;24780146.63;13;8;26;8;1076;2024-03-07 21:49:18
2024-03-07;11039;2024-03-07 15:26:56;76728154.02;22;0;14;0;5092;2024-03-07 21:49:35
2024-03-07;11761;2024-03-07 21:49:33;76728154.02;14;8;22;8;5092;2024-03-07 21:49:35
2024-03-07;10564;2024-03-07 10:54:14;4399879.48;13;3;8;3;3225;2024-03-07 21:50:22
2024-03-07;11762;2024-03-07 21:50:20;4399879.48;8;0;13;0;3225;2024-03-07 21:50:22
2024-03-07;8375;2024-03-06 18:20:23;48026601.35;13;0;12;0;4646;2024-03-07 21:50:28
2024-03-07;11763;2024-03-07 21:50:26;48026601.35;12;6;13;6;4646;2024-03-07 21:50:28
2024-03-06;7010;2024-03-06 05:38:16;47104767.4;30;7;25;7;4090;2024-03-07 21:50:28
2024-03-06;11764;2024-03-07 21:50:26;47104767.4;25;0;30;0;4090;2024-03-07 21:50:28
2024-03-08;9896;2024-03-07 04:59:24;105242756.35;6;0;16;0;4773;2024-03-07 21:51:14
2024-03-08;11765;2024-03-07 21:51:12;105242756.35;16;1;6;1;4773;2024-03-07 21:51:14
2024-03-07;11197;2024-03-07 16:49:34;72612922.86;10;0;4;0;1479;2024-03-07 21:51:36
2024-03-07;11766;2024-03-07 21:51:34;72612922.86;4;5;10;5;1479;2024-03-07 21:51:36
2024-03-07;11621;2024-03-07 20:29:56;358697099.08;7;0;2;0;2438;2024-03-07 21:52:31
2024-03-07;11767;2024-03-07 21:52:29;358697099.08;2;6;7;6;2438;2024-03-07 21:52:31
2024-03-09;10435;2024-03-07 09:44:36;23006936.37;24;0;26;0;6435;2024-03-07 21:52:36
2024-03-09;11768;2024-03-07 21:52:34;23006936.37;26;6;24;6;6435;2024-03-07 21:52:36
2024-03-08;10706;2024-03-07 12:16:54;164531620.76;27;3;7;3;1477;2024-03-07 21:52:41
2024-03-08;11769;2024-03-07 21:52:39;164531620.76;7;0;27;0;1477;2024-03-07 21:52:41
2024-03-07;11312;2024-03-07 17:56:40;126700999.12;22;4;17;4;7226;2024-03-07 21:53:01
2024-03-07;11771;2024-03-07 21:52:59;126700999.12;17;0;22;0;7226;2024-03-07 21:53:01
2024-03-07;11517;2024-03-07 19:40:34;197823355.7;22;7;16;7;2406;2024-03-07 21:54:36
2024-03-07;11772;2024-03-07 21:54:34;197823355.7;16;0;22;0;2406;2024-03-07 21:54:36
2024-03-07;9826;2024-03-07 04:22:14;67302728.06;4;0;28;0;5374;2024-03-07 21:55:46
2024-03-07;11773;2024-03-07 21:55:44;67302728.06;28;5;4;5;5374;2024-03-07 21:55:46
2024-03-07;11708;2024-03-07 21:21:41;454667250.1;6;1;2;1;6443;2024-03-07 21:56:39
2024-03-07;11775;2024-03-07 21:56:37;454667250.1;2;0;6;0;6443;2024-03-07 21:56:39
2024-03-07;11167;2024-03-07 16:34:20;140065879.79;2;0;3;0;5063;2024-03-07 21:56:45
2024-03-07;11776;2024-03-07 21:56:43;140065879.79;3;7;2;7;5063;2024-03-07 21:56:45
2024-03-07;9588;2024-03-07 02:11:04;361719197.27;3;0;4;0;3371;2024-03-07 21:57:22
2024-03-07;11777;2024-03-07 21:57:20;361719197.27;4;1;3;1;3371;2024-03-07 21:57:22
2024-03-07;9962;2024-03-07 05:38:17;41400884.59;4;1;13;1;5057;2024-03-07 21:57:23
2024-03-07;11778;2024-03-07 21:57:21;41400884.59;13;0;4;0;5057;2024-03-07 21:57:23
2024-03-07;11550;2024-03-07 19:54:20;166095116.28;9;6;28;6;1909;2024-03-07 21:59:52
2024-03-07;11781;2024-03-07 21:59:50;166095116.28;28;0;9;0;1909;2024-03-07 21:59:52
2024-03-08;11604;2024-03-07 20:20:30;214122407.42;12;0;27;0;556;2024-03-07 21:59:53
2024-03-08;11782;2024-03-07 21:59:51;214122407.42;27;7;12;7;556;2024-03-07 21:59:53
2024-03-09;11592;2024-03-07 20:14:04;219150173.85;18;2;23;2;936;2024-03-07 22:00:28
2024-03-09;11784;2024-03-07 22:00:26;219150173.85;23;0;18;0;936;2024-03-07 22:00:28
2024-03-07;11666;2024-03-07 20:57:51;119197460.16;29;0;25;0;6582;2024-03-07 22:00:39
2024-03-07;11785;2024-03-07 22:00:37;119197460.16;25;6;29;6;6582;2024-03-07 22:00:39
2024-03-07;6998;2024-03-06 05:29:00;151953660.87;21;3;25;3;4390;2024-03-07 22:01:09
2024-03-07;11786;2024-03-07 22:01:07;151953660.87;25;0;21;0;4390;2024-03-07 22:01:09
2024-03-08;9255;2024-03-07 00:44:57;10835595.06;8;0;18;0;4217;2024-03-07 22:02:52
2024-03-08;11788;2024-03-07 22:02:50;10835595.06;18;3;8;3;4217;2024-03-07 22:02:52
2024-03-08;11175;2024-03-07 16:38:55;51497063.2;11;1;23;1;2726;2024-03-07 22:03:06
2024-03-08;11789;2024-03-07 22:03:04;51497063.2;23;0;11;0;2726;2024-03-07 22:03:06
2024-03-08;9134;2024-03-07 00:24:15;160162773.03;30;1;28;1;2202;2024-03-07 22:03:53
2024-03-08;11790;2024-03-07 22:03:51;160162773.03;28;0;30;0;2202;2024-03-07 22:03:53
2024-03-08;11022;2024-03-07 15:21:33;222924031.89;10;5;2;5;748;2024-03-07 22:06:52
2024-03-08;11791;2024-03-07 22:06:50;222924031.89;2;0;10;0;748;2024-03-07 22:06:52
2024-03-08;9814;2024-03-07 04:15:04;249788407.51;19;0;18;0;3043;2024-03-07 22:07:11
2024-03-08;11792;2024-03-07 22:07:09;249788407.51;18;4;19;4;3043;2024-03-07 22:07:11
2024-03-06;7924;2024-03-06 14:04:47;137393104.34;30;7;18;7;2662;2024-03-07 22:07:57
2024-03-06;11793;2024-03-07 22:07:55;137393104.34;18;0;30;0;2662;2024-03-07 22:07:57
2024-03-07;10077;2024-03-07 06:31:58;139351876.92;3;6;24;6;4002;2024-03-07 22:07:57
2024-03-07;11794;2024-03-07 22:07:55;139351876.92;24;0;3;0;4002;2024-03-07 22:07:57
2024-03-08;9185;2024-03-07 00:32:49;135124999.66;28;7;23;7;4020;2024-03-07 22:08:31
2024-03-08;11795;2024-03-07 22:08:29;135124999.66;23;0;28;0;4020;2024-03-07 22:08:31
2024-03-07;10178;2024-03-07 07:28:20;210509023.84;23;1;15;1;4370;2024-03-07 22:08:41
2024-03-07;11796;2024-03-07 22:08:39;210509023.84;15;0;23;0;4370;2024-03-07 22:08:41
2024-03-07;9998;2024-03-07 05:54:38;66322472.14;8;4;15;4;1361;2024-03-07 22:09:44
2024-03-07;11798;2024-03-07 22:09:42;66322472.14;15;0;8;0;1361;2024-03-07 22:09:44
2024-03-07;11146;2024-03-07 16:21:01;156597747.92;15;0;19;0;3968;2024-03-07 22:10:22
2024-03-07;11799;2024-03-07 22:10:20;156597747.92;19;4;15;4;3968;2024-03-07 22:10:22
2024-03-08;10741;2024-03-07 12:36:40;9283413.81;22;0;24;0;4620;2024-03-07 22:10:33
2024-03-08;11800;2024-03-07 22:10:31;9283413.81;24;1;22;1;4620;2024-03-07 22:10:33
2024-03-08;10556;2024-03-07 10:50:37;40449802.09;22;0;28;0;5264;2024-03-07 22:10:57
2024-03-08;11801;2024-03-07 22:10:55;40449802.09;28;5;22;5;5264;2024-03-07 22:10:57
2024-03-07;10401;2024-03-07 09:24:33;75933995.78;13;0;8;0;618;2024-03-07 22:12:03
2024-03-07;11802;2024-03-07 22:12:01;75933995.78;8;3;13;3;618;2024-03-07 22:12:03
2024-03-07;11545;2024-03-07 19:50:27;179065679.19;2;5;17;5;815;2024-03-07 22:12:03
2024-03-07;11803;2024-03-07 22:12:01;179065679.19;17;0;2;0;815;2024-03-07 22:12:03
2024-03-07;9093;2024-03-07 00:17:55;124862461.27;20;0;26;0;5661;2024-03-07 22:12:09
2024-03-07;11804;2024-03-07 22:12:07;124862461.27;26;2;20;2;5661;2024-03-07 22:12:09
2024-03-09;9779;2024-03-07 03:56:44;218833601.93;3;0;7;0;1388;2024-03-07 22:12:25
2024-03-09;11805;2024-03-07 22:12:23;218833601.93;7;3;3;3;1388;2024-03-07 22:12:25
2024-03-08;9693;2024-03-07 03:06:12;64641087.46;28;0;7;0;4273;2024-03-07 22:13:23
2024-03-08;11806;2024-03-07 22:13:21;64641087.46;7;4;28;4;4273;2024-03-07 22:13:23
2024-03-08;11061;2024-03-07 15:38:26;49504071.36;13;0;5;0;4729;2024-03-07 22:14:24
2024-03-08;11808;2024-03-07 22:14:22;49504071.36;5;4;13;4;4729;2024-03-07 22:14:24
2024-03-07;11720;2024-03-07 21:27:27;177046588.67;17;0;14;0;2360;2024-03-07 22:14:27
2024-03-07;11809;2024-03-07 22:14:25;177046588.67;14;6;17;6;2360;2024-03-07 22:14:27
2024-03-07;11054;2024-03-07 15:34:42;65575435.33;12;1;1;1;2078;2024-03-07 22:15:09
2024-03-07;11810;2024-03-07 22:15:07;65575435.33;1;0;12;0;2078;2024-03-07 22:15:09
2024-03-08;11707;2024-03-07 21:21:24;45102505.66;27;2;6;2;592;2024-03-07 22:15:12
2024-03-08;11811;2024-03-07 22:15:10;45102505.66;6;0;27;0;592;2024-03-07 22:15:12
2024-03-09;10267;2024-03-07 08:06:29;36326773.19;14;0;13;0;53;2024-03-07 22:15:46
2024-03-09;11812;2024-03-07 22:15:44;36326773.19;13;8;14;8;53;2024-03-07 22:15:46
2024-03-07;11362;2024-03-07 18:20:08;110216125.52;2;0;6;0;8;2024-03-07 22:16:14
2024-03-07;11813;2024-03-07 22:16:12;110216125.52;6;3;2;3;8;2024-03-07 22:16:14
2024-03-07;10287;2024-03-07 08:19:28;88355990.96;24;2;29;2;4809;2024-03-07 22:16:52
2024-03-07;11814;2024-03-07 22:16:50;88355990.96;29;0;24;0;4809;2024-03-07 22:16:52
2024-03-08;7182;2024-03-06 07:18:41;23039171.59;2;3;29;3;71;2024-03-07 22:16:58
2024-03-08;11815;2024-03-07 22:16:56;23039171.59;29;0;2;0;71;2024-03-07 22:16:58
2024-03-09;9612;2024-03-07 02:25:19;128736777.29;8;3;16;3;4174;2024-03-07 22:17:53
2024-03-09;11816;2024-03-07 22:17:51;128736777.29;16;0;8;0;4174;2024-03-07 22:17:53
2024-03-07;11190;2024-03-07 16:46:43;47119089.83;22;0;28;0;1328;2024-03-07 22:20:05
2024-03-07;11818;2024-03-07 22:20:03;47119089.83;28;6;22;6;1328;2024-03-07 22:20:05
2024-03-07;9065;2024-03-07 00:12:16;16102165.74;22;2;8;2;2328;2024-03-07 22:20:15
2024-03-07;11819;2024-03-07 22:20:13;16102165.74;8;0;22;0;2328;2024-03-07 22:20:15
2024-03-09;11626;2024-03-07 20:33:23;147083466.8;20;0;25;0;494;2024-03-07 22:20:24
2024-03-09;11820;2024-03-07 22:20:22;147083466.8;25;2;20;2;494;2024-03-07 22:20:24
2024-03-07;11537;2024-03-07 19:46:56;39468614.41;17;0;30;0;6877;2024-03-07 22:20:26
2024-03-07;11821;2024-03-07 22:20:24;39468614.41;30;5;17;5;6877;2024-03-07 22:20:26
2024-03-08;10147;2024-03-07 07:12:32;28736413.56;25;0;8;0;2596;2024-03-07 22:20:32
2024-03-08;11822;2024-03-07 22:20:30;28736413.56;8;5;25;5;2596;2024-03-07 22:20:32
2024-03-07;7796;2024-03-06 12:53:17;14888146.56;1;0;29;0;1183;2024-03-07 22:21:12
2024-03-07;11823;2024-03-07 22:21:10;14888146.56;29;6;1;6;1183;2024-03-07 22:21:12
2024-03-07;9336;2024-03-07 00:56:27;100301587.86;19;5;21;5;1727;2024-03-07 22:21:28
2024-03-07;11824;2024-03-07 22:21:26;100301587.86;21;0;19;0;1727;2024-03-07 22:21:28
2024-03-08;10218;2024-03-07 07:45:31;137290025.34;24;0;18;0;6909;2024-03-07 22:22:21
2024-03-08;11825;2024-03-07 22:22:19;137290025.34;18;5;24;5;6909;2024-03-07 22:22:21
2024-03-09;11265;2024-03-07 17:24:48;154214361.91;24;4;6;4;1202;2024-03-07 22:22:37
2024-03-09;11826;2024-03-07 22:22:35;154214361.91;6;0;24;0;1202;2024-03-07 22:22:37
2024-03-07;9635;2024-03-07 02:37:37;144438766.06;17;1;29;1;1714;2024-03-07 22:22:49
2024-03-07;11827;2024-03-07 22:22:47;144438766.06;29;0;17;0;1714;2024-03-07 22:22:49
2024-03-08;11057;2024-03-07 15:35:42;177152836.82;29;5;19;5;1329;2024-03-07 22:23:05
2024-03-08;11828;2024-03-07 22:23:03;177152836.82;19;0;29;0;1329;2024-03-07 22:23:05
2024-03-07;10676;2024-03-07 12:00:30;58157793.85;28;7;22;7;4286;2024-03-07 22:23:15
2024-03-07;11829;2024-03-07 22:23:13;58157793.85;22;0;28;0;4286;2024-03-07 22:23:15
2024-03-07;9331;2024-03-07 00:55:47;69919189.11;20;0;12;0;4471;2024-03-07 22:23:52
2024-03-07;11830;2024-03-07 22:23:50;69919189.11;12;4;20;4;4471;2024-03-07 22:23:52
2024-03-07;11373;2024-03-07 18:26:56;130183526.36;7;0;12;0;2688;2024-03-07 22:24:16
2024-03-07;11831;2024-03-07 22:24:14;130183526.36;12;8;7;8;2688;2024-03-07 22:24:16
2024-03-07;9624;2024-03-07 02:33:21;40297188.69;30;1;19;1;914;2024-03-07 22:26:15
2024-03-07;11832;2024-03-07 22:26:13;40297188.69;19;0;30;0;914;2024-03-07 22:26:15
2024-03-07;11228;2024-03-07 17:05:34;224133808.25;1;7;4;7;3898;2024-03-07 22:26:51
2024-03-07;11833;2024-03-07 22:26:49;224133808.25;4;0;1;0;3898;2024-03-07 22:26:51
2024-03-08;10383;2024-03-07 09:15:44;389037017.49;25;3;2;3;5355;2024-03-07 22:27:11
2024-03-08;11834;2024-03-07 22:27:09;389037017.49;2;0;25;0;5355;2024-03-07 22:27:11
2024-03-08;11555;2024-03-07 19:55:44;83066035.56;7;5;29;5;4124;2024-03-07 22:27:27
2024-03-08;11835;2024-03-07 22:27:25;83066035.56;29;0;7;0;4124;2024-03-07 22:27:27
2024-03-08;9357;2024-03-07 00:59:57;247623830.44;30;0;26;0;3589;2024-03-07 22:27:43
2024-03-08;11836;2024-03-07 22:27:41;247623830.44;26;2;30;2;3589;2024-03-07 22:27:43
2024-03-07;11066;2024-03-07 15:41:08;53521545.43;26;0;24;0;359;2024-03-07 22:28:40
2024-03-07;11837;2024-03-07 22:28:38;53521545.43;24;7;26;7;359;2024-03-07 22:28:40
2024-03-07;11454;2024-03-07 19:09:55;101726894.06;13;0;10;0;941;2024-03-07 22:29:11
2024-03-07;11838;2024-03-07 22:29:09;101726894.06;10;2;13;2;941;2024-03-07 22:29:11
2024-03-08;10290;2024-03-07 08:20:51;119389938.52;18;2;29;2;6915;2024-03-07 22:29:34
2024-03-08;11839;2024-03-07 22:29:32;119389938.52;29;0;18;0;6915;2024-03-07 22:29:34
2024-03-07;10412;2024-03-07 09:31:18;102203972.76;22;0;23;0;4263;2024-03-07 22:32:39
2024-03-07;11841;2024-03-07 22:32:37;102203972.76;23;6;22;6;4263;2024-03-07 22:32:39
2024-03-06;6726;2024-03-06 02:54:32;175236608.63;1;2;2;2;2605;2024-03-07 22:33:04
2024-03-06;11842;2024-03-07 22:33:02;175236608.63;2;0;1;0;2605;2024-03-07 22:33:04
2024-03-08;9490;2024-03-07 01:23:54;28193025.51;14;4;30;4;5337;2024-03-07 22:36:21
2024-03-08;11843;2024-03-07 22:36:19;28193025.51;30;0;14;0;5337;2024-03-07 22:36:21
2024-03-07;10248;2024-03-07 07:58:48;54347780.55;30;8;22;8;4203;2024-03-07 22:36:45
2024-03-07;11844;2024-03-07 22:36:43;54347780.55;22;0;30;0;4203;2024-03-07 22:36:45
2024-03-08;10485;2024-03-07 10:09:23;116006847.27;4;0;21;0;7114;2024-03-07 22:37:25
2024-03-08;11847;2024-03-07 22:37:23;116006847.27;21;4;4;4;7114;2024-03-07 22:37:25
2024-03-07;11130;2024-03-07 16:16:05;58389783.78;22;0;10;0;2239;2024-03-07 22:38:13
2024-03-07;11848;2024-03-07 22:38:11;58389783.78;10;1;22;1;2239;2024-03-07 22:38:13
2024-03-07;9378;2024-03-07 01:03:52;106056824.09;22;0;20;0;1204;2024-03-07 22:38:14
2024-03-07;11849;2024-03-07 22:38:12;106056824.09;20;4;22;4;1204;2024-03-07 22:38:14
2024-03-07;9243;2024-03-07 00:43:50;20577494.18;26;0;21;0;2057;2024-03-07 22:38:15
2024-03-07;11850;2024-03-07 22:38:13;20577494.18;21;8;26;8;2057;2024-03-07 22:38:15
2024-03-08;8898;2024-03-06 23:05:06;93453227.29;3;6;19;6;5753;2024-03-07 22:38:18
2024-03-08;11851;2024-03-07 22:38:16;93453227.29;19;0;3;0;5753;2024-03-07 22:38:18
2024-03-06;7303;2024-03-06 08:27:03;81293476.72;12;7;8;7;3738;2024-03-07 22:38:26
2024-03-06;11852;2024-03-07 22:38:24;81293476.72;8;0;12;0;3738;2024-03-07 22:38:26
2024-03-08;9619;2024-03-07 02:28:25;50834648.56;8;3;16;3;2109;2024-03-07 22:38:53
2024-03-08;11853;2024-03-07 22:38:51;50834648.56;16;0;8;0;2109;2024-03-07 22:38:53
2024-03-07;9633;2024-03-07 02:37:11;113389515.53;4;2;24;2;368;2024-03-07 22:39:55
2024-03-07;11855;2024-03-07 22:39:53;113389515.53;24;0;4;0;368;2024-03-07 22:39:55
2024-03-08;11527;2024-03-07 19:44:19;96332701.12;13;0;30;0;6884;2024-03-07 22:40:10
2024-03-08;11856;2024-03-07 22:40:08;96332701.12;30;8;13;8;6884;2024-03-07 22:40:10
2024-03-08;10886;2024-03-07 14:03:13;175490397.01;30;7;18;7;4592;2024-03-07 22:40:31
2024-03-08;11857;2024-03-07 22:40:29;175490397.01;18;0;30;0;4592;2024-03-07 22:40:31
2024-03-09;9258;2024-03-07 00:45:12;90497825.66;28;0;9;0;7456;2024-03-07 22:40:50
2024-03-09;11858;2024-03-07 22:40:48;90497825.66;9;7;28;7;7456;2024-03-07 22:40:50
2024-03-07;11572;2024-03-07 20:03:23;18003060.45;17;7;16;7;1178;2024-03-07 22:43:04
2024-03-07;11859;2024-03-07 22:43:02;18003060.45;16;0;17;0;1178;2024-03-07 22:43:04
2024-03-07;9416;2024-03-07 01:10:00;192969480.61;18;0;1;0;3498;2024-03-07 22:43:04
2024-03-07;11860;2024-03-07 22:43:02;192969480.61;1;3;18;3;3498;2024-03-07 22:43:04
2024-03-07;11466;2024-03-07 19:18:35;459450655.06;27;0;11;0;1950;2024-03-07 22:43:15
2024-03-07;11861;2024-03-07 22:43:13;459450655.06;11;8;27;8;1950;2024-03-07 22:43:15
2024-03-08;7727;2024-03-06 12:20:48;175861012.78;23;1;18;1;4206;2024-03-07 22:45:04
2024-03-08;11862;2024-03-07 22:45:02;175861012.78;18;0;23;0;4206;2024-03-07 22:45:04
2024-03-06;7235;2024-03-06 07:48:07;123009769.62;29;1;6;1;5542;2024-03-07 22:45:33
2024-03-06;11863;2024-03-07 22:45:31;123009769.62;6;0;29;0;5542;2024-03-07 22:45:33
2024-03-07;11029;2024-03-07 15:23:44;30406017.76;26;1;22;1;5169;2024-03-07 22:45:53
2024-03-07;11864;2024-03-07 22:45:51;30406017.76;22;0;26;0;5169;2024-03-07 22:45:53
2024-03-08;11845;2024-03-07 22:36:51;27632991.14;23;7;12;7;2816;2024-03-07 22:45:53
2024-03-08;11865;2024-03-07 22:45:51;27632991.14;12;0;23;0;2816;2024-03-07 22:45:53
2024-03-07;11483;2024-03-07 19:24:47;161225174.16;19;0;28;0;7081;2024-03-07 22:46:34
2024-03-07;11867;2024-03-07 22:46:32;161225174.16;28;2;19;2;7081;2024-03-07 22:46:34
2024-03-08;10744;2024-03-07 12:37:41;102034407.12;19;0;9;0;4063;2024-03-07 22:46:59
2024-03-08;11869;2024-03-07 22:46:57;102034407.12;9;4;19;4;4063;2024-03-07 22:46:59
2024-03-06;8882;2024-03-06 22:57:53;155705688.22;5;0;21;0;4545;2024-03-07 22:47:32
2024-03-06;11870;2024-03-07 22:47:30;155705688.22;21;4;5;4;4545;2024-03-07 22:47:32
2024-03-07;9841;2024-03-07 04:30:36;61704618.24;1;0;2;0;7235;2024-03-07 22:48:30
2024-03-07;11872;2024-03-07 22:48:28;61704618.24;2;7;1;7;7235;2024-03-07 22:48:30
2024-03-07;10735;2024-03-07 12:33:08;80124527.62;30;3;22;3;7493;2024-03-07 22:49:24
2024-03-07;11873;2024-03-07 22:49:22;80124527.62;22;0;30;0;7493;2024-03-07 22:49:24
2024-03-08;11692;2024-03-07 21:13:07;43154843.04;21;0;17;0;7233;2024-03-07 22:50:32
2024-03-08;11874;2024-03-07 22:50:30;43154843.04;17;6;21;6;7233;2024-03-07 22:50:32
2024-03-08;11461;2024-03-07 19:12:46;15327702.96;9;0;13;0;5020;2024-03-07 22:50:49
2024-03-08;11875;2024-03-07 22:50:47;15327702.96;13;2;9;2;5020;2024-03-07 22:50:49
2024-03-07;9361;2024-03-07 01:00:44;109932487.63;24;4;26;4;6388;2024-03-07 22:51:18
2024-03-07;11876;2024-03-07 22:51:16;109932487.63;26;0;24;0;6388;2024-03-07 22:51:18
2024-03-07;9684;2024-03-07 03:02:05;195790866.42;27;0;14;0;6128;2024-03-07 22:52:03
2024-03-07;11877;2024-03-07 22:52:01;195790866.42;14;5;27;5;6128;2024-03-07 22:52:03
2024-03-07;10266;2024-03-07 08:06:24;80777878.64;15;3;10;3;5768;2024-03-07 22:53:48
2024-03-07;11878;2024-03-07 22:53:46;80777878.64;10;0;15;0;5768;2024-03-07 22:53:48
2024-03-07;9797;2024-03-07 04:04:40;29430066.23;7;0;16;0;4044;2024-03-07 22:54:25
2024-03-07;11879;2024-03-07 22:54:23;29430066.23;16;4;7;4;4044;2024-03-07 22:54:25
2024-03-08;10666;2024-03-07 11:55:41;148806811.87;9;5;19;5;245;2024-03-07 22:54:55
2024-03-08;11880;2024-03-07 22:54:53;148806811.87;19;0;9;0;245;2024-03-07 22:54:55
2024-03-07;10955;2024-03-07 14:42:47;63423212.74;15;0;17;0;259;2024-03-07 22:55:52
2024-03-07;11881;2024-03-07 22:55:50;63423212.74;17;1;15;1;259;2024-03-07 22:55:52
2024-03-07;10009;2024-03-07 06:02:45;83754592.78;3;0;14;0;697;2024-03-07 22:56:45
2024-03-07;11882;2024-03-07 22:56:43;83754592.78;14;5;3;5;697;2024-03-07 22:56:45
2024-03-09;10195;2024-03-07 07:34:17;162307241.14;19;0;14;0;6691;2024-03-07 22:57:26
2024-03-09;11883;2024-03-07 22:57:24;162307241.14;14;8;19;8;6691;2024-03-07 22:57:26
2024-03-06;8113;2024-03-06 15:45:06;41659092.82;10;5;20;5;749;2024-03-07 22:57:32
2024-03-06;11884;2024-03-07 22:57:30;41659092.82;20;0;10;0;749;2024-03-07 22:57:32
2024-03-08;11336;2024-03-07 18:05:51;198539891.27;23;0;11;0;3607;2024-03-07 22:59:44
2024-03-08;11885;2024-03-07 22:59:42;198539891.27;11;1;23;1;3607;2024-03-07 22:59:44
2024-03-08;11025;2024-03-07 15:22:53;82061366.85;1;0;2;0;4146;2024-03-07 23:02:45
2024-03-08;11886;2024-03-07 23:02:43;82061366.85;2;6;1;6;4146;2024-03-07 23:02:45
2024-03-08;10418;2024-03-07 09:33:59;299557068.4;19;0;15;0;1508;2024-03-07 23:03:26
2024-03-08;11887;2024-03-07 23:03:24;299557068.4;15;8;19;8;1508;2024-03-07 23:03:26
2024-03-07;10180;2024-03-07 07:30:17;140298130.06;5;0;26;0;5372;2024-03-07 23:03:42
2024-03-07;11888;2024-03-07 23:03:40;140298130.06;26;4;5;4;5372;2024-03-07 23:03:42
2024-03-07;11854;2024-03-07 22:39:39;130610150.22;15;8;7;8;294;2024-03-07 23:04:13
2024-03-07;11889;2024-03-07 23:04:11;130610150.22;7;0;15;0;294;2024-03-07 23:04:13
2024-03-09;11207;2024-03-07 16:52:40;130642362.72;16;0;4;0;2570;2024-03-07 23:05:21
2024-03-09;11890;2024-03-07 23:05:19;130642362.72;4;7;16;7;2570;2024-03-07 23:05:21
2024-03-09;11398;2024-03-07 18:43:15;119357103.44;3;0;22;0;1632;2024-03-07 23:05:45
2024-03-09;11891;2024-03-07 23:05:43;119357103.44;22;3;3;3;1632;2024-03-07 23:05:45
2024-03-08;10712;2024-03-07 12:20:44;275141080.98;27;7;19;7;7179;2024-03-07 23:05:57
2024-03-08;11892;2024-03-07 23:05:55;275141080.98;19;0;27;0;7179;2024-03-07 23:05:57
2024-03-07;9264;2024-03-07 00:45:54;168922494.22;16;1;26;1;3233;2024-03-07 23:06:00
2024-03-07;11893;2024-03-07 23:05:58;168922494.22;26;0;16;0;3233;2024-03-07 23:06:00
2024-03-07;9091;2024-03-07 00:17:08;77693455.57;22;0;14;0;2392;2024-03-07 23:06:08
2024-03-07;11894;2024-03-07 23:06:06;77693455.57;14;2;22;2;2392;2024-03-07 23:06:08
2024-03-07;8723;2024-03-06 21:29:44;50514251.59;13;0;7;0;4307;2024-03-07 23:06:54
2024-03-07;11895;2024-03-07 23:06:52;50514251.59;7;8;13;8;4307;2024-03-07 23:06:54
2024-03-07;6429;2024-03-06 01:04:27;91828294.21;11;0;20;0;3980;2024-03-07 23:08:33
2024-03-07;11897;2024-03-07 23:08:31;91828294.21;20;3;11;3;3980;2024-03-07 23:08:33
2024-03-09;9039;2024-03-07 00:07:51;55501967.27;27;0;15;0;1068;2024-03-07 23:09:01
2024-03-09;11898;2024-03-07 23:08:59;55501967.27;15;8;27;8;1068;2024-03-07 23:09:01
2024-03-08;9812;2024-03-07 04:13:00;131578666.1;17;0;27;0;3047;2024-03-07 23:09:11
2024-03-08;11899;2024-03-07 23:09:09;131578666.1;27;6;17;6;3047;2024-03-07 23:09:11
2024-03-07;9879;2024-03-07 04:49:56;42702058.41;24;8;26;8;2901;2024-03-07 23:09:25
2024-03-07;11900;2024-03-07 23:09:23;42702058.41;26;0;24;0;2901;2024-03-07 23:09:25
2024-03-07;9124;2024-03-07 00:22:13;69223378.71;13;0;26;0;1856;2024-03-07 23:09:30
2024-03-07;11901;2024-03-07 23:09:28;69223378.71;26;2;13;2;1856;2024-03-07 23:09:30
2024-03-07;11706;2024-03-07 21:19:11;64252620.12;20;3;10;3;4938;2024-03-07 23:09:34
2024-03-07;11902;2024-03-07 23:09:32;64252620.12;10;0;20;0;4938;2024-03-07 23:09:34
2024-03-06;8235;2024-03-06 16:58:30;6221073.26;22;6;8;6;801;2024-03-07 23:09:57
2024-03-06;11903;2024-03-07 23:09:55;6221073.26;8;0;22;0;801;2024-03-07 23:09:57
2024-03-08;11871;2024-03-07 22:47:43;137641953.62;17;5;29;5;7058;2024-03-07 23:10:24
2024-03-08;11904;2024-03-07 23:10:22;137641953.62;29;0;17;0;7058;2024-03-07 23:10:24
2024-03-08;9940;2024-03-07 05:28:00;196395640.45;18;7;12;7;2514;2024-03-07 23:10:39
2024-03-08;11905;2024-03-07 23:10:37;196395640.45;12;0;18;0;2514;2024-03-07 23:10:39
2024-03-07;10075;2024-03-07 06:31:17;95018128.23;12;6;11;6;7393;2024-03-07 23:11:53
2024-03-07;11906;2024-03-07 23:11:51;95018128.23;11;0;12;0;7393;2024-03-07 23:11:53
2024-03-08;9603;2024-03-07 02:21:41;100432313.92;13;0;7;0;5869;2024-03-07 23:12:27
2024-03-08;11908;2024-03-07 23:12:25;100432313.92;7;6;13;6;5869;2024-03-07 23:12:27
2024-03-07;10798;2024-03-07 13:06:29;113203767.82;17;0;10;0;7249;2024-03-07 23:12:29
2024-03-07;11909;2024-03-07 23:12:27;113203767.82;10;6;17;6;7249;2024-03-07 23:12:29
2024-03-08;10275;2024-03-07 08:11:27;122037984.48;16;0;23;0;333;2024-03-07 23:12:46
2024-03-08;11910;2024-03-07 23:12:44;122037984.48;23;1;16;1;333;2024-03-07 23:12:46
2024-03-08;11471;2024-03-07 19:20:53;21858392.48;22;0;7;0;2273;2024-03-07 23:13:23
2024-03-08;11911;2024-03-07 23:13:21;21858392.48;7;3;22;3;2273;2024-03-07 23:13:23
2024-03-07;9019;2024-03-07 00:05:19;94816699.15;26;8;22;8;966;2024-03-07 23:13:29
2024-03-07;11912;2024-03-07 23:13:27;94816699.15;22;0;26;0;966;2024-03-07 23:13:29
2024-03-08;9942;2024-03-07 05:29:18;94626864.94;25;0;12;0;2935;2024-03-07 23:15:37
2024-03-08;11913;2024-03-07 23:15:35;94626864.94;12;6;25;6;2935;2024-03-07 23:15:37
2024-03-08;10268;2024-03-07 08:06:41;17003234.64;10;5;14;5;3076;2024-03-07 23:15:44
2024-03-08;11914;2024-03-07 23:15:42;17003234.64;14;0;10;0;3076;2024-03-07 23:15:44
2024-03-08;10076;2024-03-07 06:31:34;18604409.23;8;0;18;0;5009;2024-03-07 23:15:46
2024-03-08;11915;2024-03-07 23:15:44;18604409.23;18;8;8;8;5009;2024-03-07 23:15:46
2024-03-06;7341;2024-03-06 08:43:59;67295280.54;2;0;21;0;699;2024-03-07 23:15:53
2024-03-06;11916;2024-03-07 23:15:51;67295280.54;21;4;2;4;699;2024-03-07 23:15:53
2024-03-08;10230;2024-03-07 07:50:37;134380009.12;27;6;6;6;1596;2024-03-07 23:15:54
2024-03-08;11917;2024-03-07 23:15:52;134380009.12;6;0;27;0;1596;2024-03-07 23:15:54
2024-03-08;9836;2024-03-07 04:28:15;121037376.04;22;6;30;6;4717;2024-03-07 23:16:36
2024-03-08;11920;2024-03-07 23:16:34;121037376.04;30;0;22;0;4717;2024-03-07 23:16:36
2024-03-06;8945;2024-03-06 23:38:30;71806545.95;5;5;6;5;3622;2024-03-07 23:17:45
2024-03-06;11921;2024-03-07 23:17:43;71806545.95;6;0;5;0;3622;2024-03-07 23:17:45
2024-03-07;9297;2024-03-07 00:50:38;263528601.21;30;2;11;2;1843;2024-03-07 23:17:59
2024-03-07;11922;2024-03-07 23:17:57;263528601.21;11;0;30;0;1843;2024-03-07 23:17:59
2024-03-08;11297;2024-03-07 17:46:21;236799124.29;15;0;27;0;2734;2024-03-07 23:21:03
2024-03-08;11924;2024-03-07 23:21:01;236799124.29;27;6;15;6;2734;2024-03-07 23:21:03
2024-03-07;10539;2024-03-07 10:41:50;80282828.85;26;0;17;0;3013;2024-03-07 23:21:08
2024-03-07;11925;2024-03-07 23:21:06;80282828.85;17;7;26;7;3013;2024-03-07 23:21:08
2024-03-07;9916;2024-03-07 05:09:55;85333182.21;16;2;24;2;5209;2024-03-07 23:21:34
2024-03-07;11926;2024-03-07 23:21:32;85333182.21;24;0;16;0;5209;2024-03-07 23:21:34
2024-03-08;10926;2024-03-07 14:28:16;141975206.13;18;2;6;2;7316;2024-03-07 23:21:57
2024-03-08;11927;2024-03-07 23:21:55;141975206.13;6;0;18;0;7316;2024-03-07 23:21:57
2024-03-07;10989;2024-03-07 15:01:42;157858995.5;26;0;11;0;7495;2024-03-07 23:21:58
2024-03-07;11928;2024-03-07 23:21:56;157858995.5;11;2;26;2;7495;2024-03-07 23:21:58
2024-03-08;9453;2024-03-07 01:17:12;181684142.77;3;5;2;5;340;2024-03-07 23:22:36
2024-03-08;11929;2024-03-07 23:22:34;181684142.77;2;0;3;0;340;2024-03-07 23:22:36
2024-03-08;11078;2024-03-07 15:48:37;111888253.78;19;0;4;0;5156;2024-03-07 23:22:43
2024-03-08;11930;2024-03-07 23:22:41;111888253.78;4;1;19;1;5156;2024-03-07 23:22:43
2024-03-08;11457;2024-03-07 19:10:50;166549106.64;21;0;8;0;448;2024-03-07 23:23:32
2024-03-08;11931;2024-03-07 23:23:30;166549106.64;8;4;21;4;448;2024-03-07 23:23:32
2024-03-07;9730;2024-03-07 03:28:14;48239620.45;10;6;22;6;4466;2024-03-07 23:24:31
2024-03-07;11932;2024-03-07 23:24:29;48239620.45;22;0;10;0;4466;2024-03-07 23:24:31
2024-03-06;6617;2024-03-06 01:47:22;36679242.06;11;6;7;6;1084;2024-03-07 23:25:29
2024-03-06;11933;2024-03-07 23:25:27;36679242.06;7;0;11;0;1084;2024-03-07 23:25:29
2024-03-07;6828;2024-03-06 03:56:39;13066520.22;1;7;5;7;184;2024-03-07 23:26:08
2024-03-07;11934;2024-03-07 23:26:06;13066520.22;5;0;1;0;184;2024-03-07 23:26:08
2024-03-07;9251;2024-03-07 00:44:40;85036270.21;23;0;5;0;6478;2024-03-07 23:26:31
2024-03-07;11935;2024-03-07 23:26:29;85036270.21;5;8;23;8;6478;2024-03-07 23:26:31
2024-03-08;9225;2024-03-07 00:41:59;210439690.32;28;8;19;8;4236;2024-03-07 23:27:06
2024-03-08;11936;2024-03-07 23:27:04;210439690.32;19;0;28;0;4236;2024-03-07 23:27:06
2024-03-06;6331;2024-03-06 00:45:57;87395607.4;10;1;6;1;1668;2024-03-07 23:27:12
2024-03-06;11937;2024-03-07 23:27:10;87395607.4;6;0;10;0;1668;2024-03-07 23:27:12
2024-03-08;9638;2024-03-07 02:38:27;365505799.97;7;0;13;0;69;2024-03-07 23:27:31
2024-03-08;11938;2024-03-07 23:27:29;365505799.97;13;4;7;4;69;2024-03-07 23:27:31
2024-03-07;11107;2024-03-07 16:04:06;47011503.38;29;3;12;3;6775;2024-03-07 23:28:16
2024-03-07;11939;2024-03-07 23:28:14;47011503.38;12;0;29;0;6775;2024-03-07 23:28:16
2024-03-08;9697;2024-03-07 03:06:46;189562425.05;6;0;24;0;4952;2024-03-07 23:28:37
2024-03-08;11940;2024-03-07 23:28:35;189562425.05;24;3;6;3;4952;2024-03-07 23:28:37
2024-03-08;11248;2024-03-07 17:18:13;132735052.03;5;7;20;7;5276;2024-03-07 23:29:19
2024-03-08;11941;2024-03-07 23:29:17;132735052.03;20;0;5;0;5276;2024-03-07 23:29:19
2024-03-07;11186;2024-03-07 16:43:54;41587970.05;19;0;3;0;565;2024-03-07 23:29:46
2024-03-07;11942;2024-03-07 23:29:44;41587970.05;3;3;19;3;565;2024-03-07 23:29:46
2024-03-08;10820;2024-03-07 13:23:24;165280059.13;26;0;6;0;1150;2024-03-07 23:29:55
2024-03-08;11943;2024-03-07 23:29:53;165280059.13;6;3;26;3;1150;2024-03-07 23:29:55
2024-03-07;11214;2024-03-07 16:56:26;147503683.23;19;7;25;7;2718;2024-03-07 23:30:50
2024-03-07;11944;2024-03-07 23:30:48;147503683.23;25;0;19;0;2718;2024-03-07 23:30:50
2024-03-07;10165;2024-03-07 07:21:30;162375552.01;5;0;4;0;4862;2024-03-07 23:31:47
2024-03-07;11945;2024-03-07 23:31:45;162375552.01;4;1;5;1;4862;2024-03-07 23:31:47
2024-03-07;11840;2024-03-07 22:31:42;400399312.11;7;0;28;0;2169;2024-03-07 23:32:18
2024-03-07;11946;2024-03-07 23:32:16;400399312.11;28;3;7;3;2169;2024-03-07 23:32:18
2024-03-08;6633;2024-03-06 01:54:37;38912167.75;23;0;13;0;326;2024-03-07 23:32:31
2024-03-08;11947;2024-03-07 23:32:29;38912167.75;13;1;23;1;326;2024-03-07 23:32:31
2024-03-07;9604;2024-03-07 02:22:07;188815833.49;15;2;27;2;1709;2024-03-07 23:32:36
2024-03-07;11948;2024-03-07 23:32:34;188815833.49;27;0;15;0;1709;2024-03-07 23:32:36
2024-03-07;9931;2024-03-07 05:21:27;195543062.17;12;8;3;8;2552;2024-03-07 23:32:46
2024-03-07;11949;2024-03-07 23:32:44;195543062.17;3;0;12;0;2552;2024-03-07 23:32:46
2024-03-09;11601;2024-03-07 20:19:43;64363426.12;11;2;7;2;891;2024-03-07 23:35:16
2024-03-09;11951;2024-03-07 23:35:14;64363426.12;7;0;11;0;891;2024-03-07 23:35:16
2024-03-07;11770;2024-03-07 21:52:47;116332314.73;9;1;16;1;1198;2024-03-07 23:35:41
2024-03-07;11952;2024-03-07 23:35:39;116332314.73;16;0;9;0;1198;2024-03-07 23:35:41
2024-03-07;10993;2024-03-07 15:03:53;174172189.62;12;5;24;5;6794;2024-03-07 23:36:08
2024-03-07;11954;2024-03-07 23:36:06;174172189.62;24;0;12;0;6794;2024-03-07 23:36:08
2024-03-08;11406;2024-03-07 18:45:27;42843644.05;7;0;24;0;2518;2024-03-07 23:36:30
2024-03-08;11955;2024-03-07 23:36:28;42843644.05;24;8;7;8;2518;2024-03-07 23:36:30
2024-03-08;10797;2024-03-07 13:05:09;14389564.05;14;0;15;0;5185;2024-03-07 23:37:33
2024-03-08;11956;2024-03-07 23:37:31;14389564.05;15;2;14;2;5185;2024-03-07 23:37:33
2024-03-07;10682;2024-03-07 12:07:25;220401554.92;4;0;3;0;6952;2024-03-07 23:37:44
2024-03-07;11957;2024-03-07 23:37:42;220401554.92;3;5;4;5;6952;2024-03-07 23:37:44
2024-03-07;9736;2024-03-07 03:29:49;45615696.31;1;0;16;0;1854;2024-03-07 23:38:06
2024-03-07;11958;2024-03-07 23:38:04;45615696.31;16;3;1;3;1854;2024-03-07 23:38:06
2024-03-09;11923;2024-03-07 23:19:23;124656790.59;27;6;15;6;6039;2024-03-07 23:38:11
2024-03-09;11959;2024-03-07 23:38:09;124656790.59;15;0;27;0;6039;2024-03-07 23:38:11
2024-03-07;9038;2024-03-07 00:07:47;40839629.22;5;0;26;0;2589;2024-03-07 23:38:14
2024-03-07;11960;2024-03-07 23:38:12;40839629.22;26;6;5;6;2589;2024-03-07 23:38:14
2024-03-06;8820;2024-03-06 22:23:50;269643520.7;7;0;24;0;2227;2024-03-07 23:38:34
2024-03-06;11961;2024-03-07 23:38:32;269643520.7;24;6;7;6;2227;2024-03-07 23:38:34
2024-03-07;10504;2024-03-07 10:20:51;68444982.3;13;0;18;0;5388;2024-03-07 23:39:02
2024-03-07;11962;2024-03-07 23:39:00;68444982.3;18;1;13;1;5388;2024-03-07 23:39:02
2024-03-08;9017;2024-03-07 00:05:13;140744237.88;11;6;20;6;6379;2024-03-07 23:39:59
2024-03-08;11963;2024-03-07 23:39:57;140744237.88;20;0;11;0;6379;2024-03-07 23:39:59
2024-03-07;10607;2024-03-07 11:25:34;44563820.08;8;0;13;0;4212;2024-03-07 23:40:36
2024-03-07;11964;2024-03-07 23:40:34;44563820.08;13;3;8;3;4212;2024-03-07 23:40:36
2024-03-08;11086;2024-03-07 15:53:35;198581937.6;26;8;6;8;3106;2024-03-07 23:41:00
2024-03-08;11965;2024-03-07 23:40:58;198581937.6;6;0;26;0;3106;2024-03-07 23:41:00
2024-03-07;11679;2024-03-07 21:06:39;8990177.41;20;3;8;3;6372;2024-03-07 23:42:09
2024-03-07;11966;2024-03-07 23:42:07;8990177.41;8;0;20;0;6372;2024-03-07 23:42:09
2024-03-08;9564;2024-03-07 01:57:41;72894285.69;19;4;1;4;3773;2024-03-07 23:43:28
2024-03-08;11967;2024-03-07 23:43:26;72894285.69;1;0;19;0;3773;2024-03-07 23:43:28
2024-03-08;11178;2024-03-07 16:40:41;102783494.82;29;3;12;3;5061;2024-03-07 23:43:55
2024-03-08;11968;2024-03-07 23:43:53;102783494.82;12;0;29;0;5061;2024-03-07 23:43:55
2024-03-09;10270;2024-03-07 08:08:17;73835205.16;19;2;27;2;246;2024-03-07 23:45:53
2024-03-09;11970;2024-03-07 23:45:51;73835205.16;27;0;19;0;246;2024-03-07 23:45:53
2024-03-07;10915;2024-03-07 14:21:06;58687686.08;25;2;10;2;3974;2024-03-07 23:46:34
2024-03-07;11971;2024-03-07 23:46:32;58687686.08;10;0;25;0;3974;2024-03-07 23:46:34
2024-03-07;9240;2024-03-07 00:43:46;90448046.59;26;0;27;0;3361;2024-03-07 23:46:54
2024-03-07;11972;2024-03-07 23:46:52;90448046.59;27;2;26;2;3361;2024-03-07 23:46:54
2024-03-08;10994;2024-03-07 15:04:06;32193812.04;3;7;26;7;3288;2024-03-07 23:47:32
2024-03-08;11974;2024-03-07 23:47:30;32193812.04;26;0;3;0;3288;2024-03-07 23:47:32
2024-03-08;10596;2024-03-07 11:20:11;15111876.54;28;2;29;2;6854;2024-03-07 23:47:36
2024-03-08;11975;2024-03-07 23:47:34;15111876.54;29;0;28;0;6854;2024-03-07 23:47:36
2024-03-07;9833;2024-03-07 04:26:01;122182007.93;3;1;6;1;2249;2024-03-07 23:47:40
2024-03-07;11976;2024-03-07 23:47:38;122182007.93;6;0;3;0;2249;2024-03-07 23:47:40
2024-03-06;8212;2024-03-06 16:47:13;149784242.94;17;1;16;1;6227;2024-03-07 23:48:53
2024-03-06;11978;2024-03-07 23:48:51;149784242.94;16;0;17;0;6227;2024-03-07 23:48:53
2024-03-08;10133;2024-03-07 07:03:10;137590605.55;18;0;7;0;6157;2024-03-07 23:49:08
2024-03-08;11980;2024-03-07 23:49:06;137590605.55;7;1;18;1;6157;2024-03-07 23:49:08
2024-03-08;11404;2024-03-07 18:45:23;472224545.91;25;5;2;5;6184;2024-03-07 23:49:42
2024-03-08;11981;2024-03-07 23:49:40;472224545.91;2;0;25;0;6184;2024-03-07 23:49:42
2024-03-07;11079;2024-03-07 15:49:52;228007141.0;19;5;15;5;4050;2024-03-07 23:49:49
2024-03-07;11982;2024-03-07 23:49:47;228007141.0;15;0;19;0;4050;2024-03-07 23:49:49
2024-03-07;7677;2024-03-06 11:51:29;302653707.41;2;0;11;0;1293;2024-03-07 23:50:46
2024-03-07;11984;2024-03-07 23:50:44;302653707.41;11;1;2;1;1293;2024-03-07 23:50:46
2024-03-08;10802;2024-03-07 13:08:03;192402303.95;18;0;14;0;1276;2024-03-07 23:51:28
2024-03-08;11985;2024-03-07 23:51:26;192402303.95;14;2;18;2;1276;2024-03-07 23:51:28
2024-03-07;9086;2024-03-07 00:14:59;71506704.91;28;6;12;6;6665;2024-03-07 23:51:33
2024-03-07;11986;2024-03-07 23:51:31;71506704.91;12;0;28;0;6665;2024-03-07 23:51:33
2024-03-06;7209;2024-03-06 07:32:20;31660989.68;1;3;3;3;5274;2024-03-07 23:52:08
2024-03-06;11987;2024-03-07 23:52:06;31660989.68;3;0;1;0;5274;2024-03-07 23:52:08
2024-03-08;10927;2024-03-07 14:28:23;200902450.63;11;0;23;0;1099;2024-03-07 23:52:46
2024-03-08;11988;2024-03-07 23:52:44;200902450.63;23;4;11;4;1099;2024-03-07 23:52:46
2024-03-06;7236;2024-03-06 07:48:55;35739313.79;8;0;6;0;5856;2024-03-07 23:54:36
2024-03-06;11989;2024-03-07 23:54:34;35739313.79;6;1;8;1;5856;2024-03-07 23:54:36
2024-03-09;11817;2024-03-07 22:19:13;305747713.82;2;0;11;0;347;2024-03-07 23:54:40
2024-03-09;11990;2024-03-07 23:54:38;305747713.82;11;1;2;1;347;2024-03-07 23:54:40
2024-03-07;6851;2024-03-06 04:09:17;115440318.75;11;0;7;0;911;2024-03-07 23:56:26
2024-03-07;11992;2024-03-07 23:56:24;115440318.75;7;4;11;4;911;2024-03-07 23:56:26
2024-03-09;9773;2024-03-07 03:53:57;18637711.03;13;2;11;2;44;2024-03-07 23:56:38
2024-03-09;11993;2024-03-07 23:56:36;18637711.03;11;0;13;0;44;2024-03-07 23:56:38
2024-03-07;11536;2024-03-07 19:46:09;292827952.36;3;0;26;0;6942;2024-03-07 23:56:45
2024-03-07;11994;2024-03-07 23:56:43;292827952.36;26;7;3;7;6942;2024-03-07 23:56:45
2024-03-09;11514;2024-03-07 19:39:21;119646570.16;8;1;12;1;992;2024-03-07 23:57:00
2024-03-09;11995;2024-03-07 23:56:58;119646570.16;12;0;8;0;992;2024-03-07 23:57:00
2024-03-07;10663;2024-03-07 11:55:30;196560056.08;17;3;28;3;4315;2024-03-07 23:57:16
2024-03-07;11996;2024-03-07 23:57:14;196560056.08;28;0;17;0;4315;2024-03-07 23:57:16
2024-03-08;10428;2024-03-07 09:40:42;21822477.35;18;0;4;0;3385;2024-03-07 23:58:01
2024-03-08;11997;2024-03-07 23:57:59;21822477.35;4;3;18;3;3385;2024-03-07 23:58:01
2024-03-09;10455;2024-03-07 09:54:45;63916857.57;28;0;18;0;3724;2024-03-07 23:58:18
2024-03-09;11998;2024-03-07 23:58:16;63916857.57;18;2;28;2;3724;2024-03-07 23:58:18
2024-03-07;11263;2024-03-07 17:23:28;96318742.44;23;4;13;4;4800;2024-03-07 23:58:25
2024-03-07;11999;2024-03-07 23:58:23;96318742.44;13;0;23;0;4800;2024-03-07 23:58:25
2024-03-07;11005;2024-03-07 15:12:24;18246330.37;20;0;24;0;3321;2024-03-07 23:58:41
2024-03-07;12000;2024-03-07 23:58:39;18246330.37;24;1;20;1;3321;2024-03-07 23:58:41
2024-03-06;7441;2024-03-06 09:39:23;78521911.53;16;0;19;0;1288;2024-03-07 23:59:03
2024-03-06;12001;2024-03-07 23:59:01;78521911.53;19;7;16;7;1288;2024-03-07 23:59:03
2024-03-07;10044;2024-03-07 06:18:42;99572210.65;7;0;25;0;3657;2024-03-07 23:59:08
2024-03-07;12002;2024-03-07 23:59:06;99572210.65;25;1;7;1;3657;2024-03-07 23:59:08
2024-03-07;11516;2024-03-07 19:39:56;451883382.0;9;1;2;1;6163;2024-03-07 23:59:13
2024-03-07;12003;2024-03-07 23:59:11;451883382.0;2;0;9;0;6163;2024-03-07 23:59:13
