Starttime;TID;Time;Value;FromParticipantId;FromAccountId;ToParticipantId;ToAccountId;Linkcode
2024-01-01 19:13:43;6131;2024-01-01 12:54:18;462556150.63;35;0;48;0;1179
2024-01-01 19:13:43;7625;2024-01-01 16:02:03;462556150.63;48;1;35;1;1179
2024-01-01 19:13:43;770;2024-01-01 02:24:04;462581672.54;35;0;8;0;4752
2024-01-01 19:13:43;6886;2024-01-01 14:29:36;462581672.54;8;10;35;10;4752
2024-01-01 19:13:43;6013;2024-01-01 12:40:08;516264434.14;31;8;35;8;2976
2024-01-01 19:13:43;8074;2024-01-01 17:02:45;516264434.14;35;0;31;0;2976
2024-01-01 19:13:43;7046;2024-01-01 14:50:47;604976136.76;10;2;35;2;4346
2024-01-01 19:13:43;8786;2024-01-01 18:10:41;604976136.76;35;0;10;0;4346
2024-01-01 19:13:43;4374;2024-01-01 09:14:27;432613067.96;35;0;20;0;1756
2024-01-01 19:13:43;7204;2024-01-01 15:09:31;432613067.96;20;2;35;2;1756
2024-01-01 19:13:43;2828;2024-01-01 06:04:42;538984303.01;35;0;46;0;1954
2024-01-01 19:13:43;8203;2024-01-01 17:20:45;538984303.01;46;1;35;1;1954
2024-01-01 19:13:43;187;2024-01-01 01:38:07;364859416.24;35;0;16;0;436
2024-01-01 19:13:43;8187;2024-01-01 17:18:23;364859416.24;16;4;35;4;436
2024-01-01 19:13:43;7501;2024-01-01 15:46:52;604037887.1;36;1;35;1;2962
2024-01-01 19:13:43;8741;2024-01-01 18:07:34;604037887.1;35;0;36;0;2962
2024-01-01 19:13:43;7682;2024-01-01 16:10:32;616319716.5;35;0;2;0;1195
2024-01-01 19:13:43;7787;2024-01-01 16:24:02;616319716.5;2;7;35;7;1195
2024-01-01 19:13:43;5877;2024-01-01 12:22:27;562479984.1;20;5;35;5;3346
2024-01-01 19:13:43;7105;2024-01-01 14:58:53;562479984.1;35;0;20;0;3346
2024-01-01 19:13:43;5888;2024-01-01 12:23:50;476003359.18;35;0;12;0;1913
2024-01-01 19:13:43;9159;2024-01-01 18:40:15;476003359.18;12;3;35;3;1913
2024-01-01 19:13:43;1532;2024-01-01 03:28:57;645003229.57;8;9;35;9;3670
2024-01-01 19:13:43;9394;2024-01-01 19:00:45;645003229.57;35;0;8;0;3670
2024-01-01 19:13:43;2820;2024-01-01 06:03:44;628235638.97;3;8;35;8;4364
2024-01-01 19:13:43;9015;2024-01-01 18:28:28;628235638.97;35;0;3;0;4364
2024-01-01 19:13:43;6636;2024-01-01 13:56:58;476492877.89;31;4;35;4;1808
2024-01-01 19:13:43;7960;2024-01-01 16:47:03;476492877.89;35;0;31;0;1808
2024-01-01 19:13:43;7094;2024-01-01 14:57:06;429824482.66;35;0;14;0;1827
2024-01-01 19:13:43;9511;2024-01-01 19:10:34;429824482.66;14;6;35;6;1827
2024-01-01 19:13:43;1444;2024-01-01 03:21:25;530481041.38;26;5;35;5;2234
2024-01-01 19:13:43;9541;2024-01-01 19:13:32;530481041.38;35;0;26;0;2234
2024-01-01 19:16:51;481;2024-01-01 02:00:22;421594493.29;32;0;26;0;2549
2024-01-01 19:16:51;6608;2024-01-01 13:53:46;421594493.29;26;1;32;1;2549
2024-01-01 19:17:13;1629;2024-01-01 03:40:11;476106012.84;43;1;36;1;4778
2024-01-01 19:17:13;1663;2024-01-01 03:44:34;476106012.84;36;0;43;0;4778
2024-01-01 19:19:34;5409;2024-01-01 11:26:10;293091461.23;48;0;18;0;1139
2024-01-01 19:19:34;5838;2024-01-01 12:17:06;293091461.23;18;7;48;7;1139
2024-01-01 19:19:56;6494;2024-01-01 13:39:41;130288979.24;33;0;14;0;4438
2024-01-01 19:19:56;8326;2024-01-01 17:33:30;130288979.24;14;8;33;8;4438
2024-01-01 19:20:06;2284;2024-01-01 05:02:54;405397051.58;49;0;5;0;879
2024-01-01 19:20:06;9056;2024-01-01 18:32:12;405397051.58;5;2;49;2;879
2024-01-01 19:20:06;231;2024-01-01 01:40:48;452990933.04;17;1;49;1;2805
2024-01-01 19:20:06;8526;2024-01-01 17:49:51;452990933.04;49;0;17;0;2805
2024-01-01 19:20:06;8086;2024-01-01 17:04:51;345731733.32;49;0;5;0;823
2024-01-01 19:20:06;9310;2024-01-01 18:53:38;345731733.32;5;3;49;3;823
2024-01-01 19:20:06;192;2024-01-01 01:38:13;508223295.78;8;3;49;3;1829
2024-01-01 19:20:06;9126;2024-01-01 18:37:59;508223295.78;49;0;8;0;1829
2024-01-01 19:20:06;5116;2024-01-01 10:50:44;264718613.97;39;8;49;8;3901
2024-01-01 19:20:06;9482;2024-01-01 19:08:28;264718613.97;49;0;39;0;3901
2024-01-01 19:20:06;3120;2024-01-01 06:38:13;516079095.3;49;0;21;0;2645
2024-01-01 19:20:06;9168;2024-01-01 18:41:11;516079095.3;21;3;49;3;2645
2024-01-01 19:20:13;9143;2024-01-01 18:39:01;300335253.83;35;0;5;0;2213
2024-01-01 19:20:13;9606;2024-01-01 19:20:09;300335253.83;5;3;35;3;2213
2024-01-01 19:20:32;5484;2024-01-01 11:35:46;231637127.5;49;0;42;0;2552
2024-01-01 19:20:32;5929;2024-01-01 12:29:59;231637127.5;42;9;49;9;2552
2024-01-01 19:20:49;325;2024-01-01 01:47:18;387978733.15;42;6;50;6;1503
2024-01-01 19:20:49;7916;2024-01-01 16:40:56;387978733.15;50;0;42;0;1503
2024-01-01 19:20:49;2576;2024-01-01 05:35:59;476051010.93;4;9;50;9;521
2024-01-01 19:20:49;9265;2024-01-01 18:49:12;476051010.93;50;0;4;0;521
2024-01-01 19:20:49;3154;2024-01-01 06:42:06;509893783.79;50;0;26;0;2783
2024-01-01 19:20:49;6786;2024-01-01 14:18:17;509893783.79;26;1;50;1;2783
2024-01-01 19:20:49;7050;2024-01-01 14:51:58;404695669.71;26;4;50;4;254
2024-01-01 19:20:49;9540;2024-01-01 19:13:28;404695669.71;50;0;26;0;254
2024-01-01 19:20:49;7119;2024-01-01 15:00:32;408058425.29;50;0;20;0;1544
2024-01-01 19:20:49;9605;2024-01-01 19:20:07;408058425.29;20;8;50;8;1544
2024-01-01 19:22:40;9488;2024-01-01 19:08:58;362053421.98;49;0;8;0;867
2024-01-01 19:22:40;9628;2024-01-01 19:22:36;362053421.98;8;4;49;4;867
2024-01-01 19:22:51;1772;2024-01-01 03:58:42;424050225.79;9;4;49;4;3161
2024-01-01 19:22:51;9623;2024-01-01 19:22:17;424050225.79;49;0;9;0;3161
2024-01-01 19:23:07;9111;2024-01-01 18:36:58;540554313.96;19;9;49;9;2505
2024-01-01 19:23:07;9367;2024-01-01 18:57:55;540554313.96;49;0;19;0;2505
2024-01-01 19:23:07;189;2024-01-01 01:38:10;496076352.53;19;9;50;9;2901
2024-01-01 19:23:07;7700;2024-01-01 16:12:53;496076352.53;50;0;19;0;2901
2024-01-01 19:23:07;5263;2024-01-01 11:08:32;502149937.83;30;9;46;9;2690
2024-01-01 19:23:07;9183;2024-01-01 18:42:21;502149937.83;46;0;30;0;2690
2024-01-01 19:23:07;3863;2024-01-01 08:07:00;462689281.15;11;3;46;3;3460
2024-01-01 19:23:07;8734;2024-01-01 18:06:45;462689281.15;46;0;11;0;3460
2024-01-01 19:23:07;4490;2024-01-01 09:30:50;544056002.91;46;0;23;0;3290
2024-01-01 19:23:07;8103;2024-01-01 17:06:43;544056002.91;23;4;46;4;3290
2024-01-01 19:23:14;614;2024-01-01 02:11:54;382755922.22;35;4;36;4;1077
2024-01-01 19:23:14;9640;2024-01-01 19:23:10;382755922.22;36;0;35;0;1077
2024-01-01 19:23:39;5354;2024-01-01 11:18:46;419172289.26;36;0;11;0;1889
2024-01-01 19:23:39;9642;2024-01-01 19:23:35;419172289.26;11;8;36;8;1889
2024-01-01 19:24:28;7302;2024-01-01 15:21:15;247707137.23;28;0;37;0;1857
2024-01-01 19:24:28;7838;2024-01-01 16:30:14;247707137.23;37;7;28;7;1857
2024-01-01 19:24:28;3674;2024-01-01 07:45:57;202522988.28;28;0;32;0;1178
2024-01-01 19:24:28;9145;2024-01-01 18:39:11;202522988.28;32;5;28;5;1178
2024-01-01 19:24:54;5441;2024-01-01 11:30:51;458584435.14;35;0;11;0;2090
2024-01-01 19:24:54;9657;2024-01-01 19:24:50;458584435.14;11;4;35;4;2090
2024-01-01 19:25:13;2218;2024-01-01 04:54:23;208357694.55;49;0;1;0;4401
2024-01-01 19:25:13;9661;2024-01-01 19:25:09;208357694.55;1;1;49;1;4401
2024-01-01 19:25:31;1601;2024-01-01 03:37:49;362053410.74;5;1;35;1;1002
2024-01-01 19:25:31;9664;2024-01-01 19:25:27;362053410.74;35;0;5;0;1002
2024-01-01 19:25:31;8434;2024-01-01 17:41:17;101864062.92;13;0;10;0;4729
2024-01-01 19:25:31;8839;2024-01-01 18:14:32;101864062.92;10;8;13;8;4729
2024-01-01 19:25:56;2560;2024-01-01 05:33:57;157489213.92;39;0;5;0;108
2024-01-01 19:25:56;8955;2024-01-01 18:23:53;157489213.92;5;3;39;3;108
2024-01-01 19:26:47;1359;2024-01-01 03:13:38;86067646.37;34;0;42;0;3640
2024-01-01 19:26:47;8351;2024-01-01 17:35:22;86067646.37;42;6;34;6;3640
2024-01-01 19:26:48;6534;2024-01-01 13:45:02;428981431.5;50;0;24;0;3447
2024-01-01 19:26:48;9679;2024-01-01 19:26:44;428981431.5;24;3;50;3;3447
2024-01-01 19:27:10;1419;2024-01-01 03:19:59;546525209.91;28;8;35;8;1893
2024-01-01 19:27:10;8198;2024-01-01 17:20:23;546525209.91;35;0;28;0;1893
2024-01-01 19:27:10;6713;2024-01-01 14:07:39;378147788.33;36;0;28;0;2465
2024-01-01 19:27:10;9552;2024-01-01 19:14:48;378147788.33;28;8;36;8;2465
2024-01-01 19:27:18;1150;2024-01-01 02:56:24;120110540.74;14;8;15;8;4781
2024-01-01 19:27:18;5320;2024-01-01 11:14:59;120110540.74;15;0;14;0;4781
2024-01-01 19:27:18;563;2024-01-01 02:06:39;224163297.91;44;4;15;4;1496
2024-01-01 19:27:18;8363;2024-01-01 17:36:29;224163297.91;15;0;44;0;1496
2024-01-01 19:27:45;5726;2024-01-01 12:02:58;256474928.75;38;0;5;0;1870
2024-01-01 19:27:45;8648;2024-01-01 17:59:03;256474928.75;5;3;38;3;1870
2024-01-01 19:27:45;874;2024-01-01 02:33:20;336406313.94;26;1;38;1;3448
2024-01-01 19:27:45;7744;2024-01-01 16:18:36;336406313.94;38;0;26;0;3448
2024-01-01 19:27:45;2320;2024-01-01 05:06:00;233842922.28;38;0;39;0;824
2024-01-01 19:27:45;9178;2024-01-01 18:41:52;233842922.28;39;5;38;5;824
2024-01-01 19:27:47;1916;2024-01-01 04:17:31;452853614.63;18;9;20;9;1611
2024-01-01 19:27:47;5003;2024-01-01 10:34:53;452853614.63;20;0;18;0;1611
2024-01-01 19:27:47;8245;2024-01-01 17:25:01;354936023.28;20;0;15;0;4293
2024-01-01 19:27:47;8848;2024-01-01 18:14:58;354936023.28;15;6;20;6;4293
2024-01-01 19:27:47;1466;2024-01-01 03:23:10;468930457.5;28;1;36;1;4297
2024-01-01 19:27:47;4638;2024-01-01 09:51:14;468930457.5;36;0;28;0;4297
2024-01-01 19:27:47;8021;2024-01-01 16:55:31;157079294.25;28;1;46;1;2039
2024-01-01 19:27:47;9423;2024-01-01 19:03:05;157079294.25;46;0;28;0;2039
2024-01-01 19:28:12;8323;2024-01-01 17:33:12;400210998.95;50;0;11;0;291
2024-01-01 19:28:12;9229;2024-01-01 18:46:04;400210998.95;11;7;50;7;291
2024-01-01 19:28:25;5986;2024-01-01 12:37:52;164883083.17;26;1;47;1;464
2024-01-01 19:28:25;7530;2024-01-01 15:49:26;164883083.17;47;0;26;0;464
2024-01-01 19:28:37;535;2024-01-01 02:04:44;653862999.75;42;5;10;5;1814
2024-01-01 19:28:37;8002;2024-01-01 16:52:38;653862999.75;10;0;42;0;1814
2024-01-01 19:28:37;894;2024-01-01 02:34:44;580893649.08;43;7;10;7;987
2024-01-01 19:28:37;8082;2024-01-01 17:04:26;580893649.08;10;0;43;0;987
2024-01-01 19:28:37;4104;2024-01-01 08:36:24;610815506.43;10;0;4;0;2206
2024-01-01 19:28:37;7253;2024-01-01 15:15:26;610815506.43;4;5;10;5;2206
2024-01-01 19:28:37;5274;2024-01-01 11:09:54;513695098.7;10;0;27;0;4754
2024-01-01 19:28:37;8625;2024-01-01 17:57:09;513695098.7;27;1;10;1;4754
2024-01-01 19:28:37;6076;2024-01-01 12:47:05;499762802.93;10;0;49;0;4484
2024-01-01 19:28:37;9096;2024-01-01 18:35:45;499762802.93;49;2;10;2;4484
2024-01-01 19:28:37;751;2024-01-01 02:23:07;509322835.66;10;0;24;0;1581
2024-01-01 19:28:37;9169;2024-01-01 18:41:13;509322835.66;24;7;10;7;1581
2024-01-01 19:28:37;5862;2024-01-01 12:20:29;463565574.32;50;8;10;8;1631
2024-01-01 19:28:37;9232;2024-01-01 18:46:19;463565574.32;10;0;50;0;1631
2024-01-01 19:28:37;676;2024-01-01 02:17:07;331951053.96;10;0;16;0;4947
2024-01-01 19:28:37;5684;2024-01-01 11:57:59;331951053.96;16;8;10;8;4947
2024-01-01 19:28:37;6312;2024-01-01 13:16:33;583843769.23;10;0;17;0;2797
2024-01-01 19:28:37;9368;2024-01-01 18:57:59;583843769.23;17;10;10;10;2797
2024-01-01 19:28:37;1684;2024-01-01 03:47:38;553310501.29;32;9;10;9;4200
2024-01-01 19:28:37;7624;2024-01-01 16:01:55;553310501.29;10;0;32;0;4200
2024-01-01 19:28:37;4560;2024-01-01 09:40:35;632666214.7;34;8;10;8;3058
2024-01-01 19:28:37;8179;2024-01-01 17:16:55;632666214.7;10;0;34;0;3058
2024-01-01 19:28:37;5581;2024-01-01 11:47:59;657808204.29;10;0;7;0;2742
2024-01-01 19:28:37;9413;2024-01-01 19:02:36;657808204.29;7;8;10;8;2742
2024-01-01 19:28:37;3003;2024-01-01 06:25:07;578896108.96;10;0;26;0;4824
2024-01-01 19:28:37;5424;2024-01-01 11:28:15;578896108.96;26;1;10;1;4824
2024-01-01 19:28:37;4494;2024-01-01 09:31:12;393277147.72;6;8;10;8;478
2024-01-01 19:28:37;9297;2024-01-01 18:52:37;393277147.72;10;0;6;0;478
2024-01-01 19:28:37;4932;2024-01-01 10:26:19;414685427.86;31;4;10;4;3212
2024-01-01 19:28:37;8872;2024-01-01 18:16:20;414685427.86;10;0;31;0;3212
2024-01-01 19:28:37;4004;2024-01-01 08:23:35;428011423.18;45;4;10;4;718
2024-01-01 19:28:37;9551;2024-01-01 19:14:42;428011423.18;10;0;45;0;718
2024-01-01 19:28:37;7264;2024-01-01 15:17:22;392352980.2;33;4;10;4;2270
2024-01-01 19:28:37;9574;2024-01-01 19:16:52;392352980.2;10;0;33;0;2270
2024-01-01 19:28:37;5321;2024-01-01 11:15:01;225661005.42;10;0;36;0;1036
2024-01-01 19:28:37;9676;2024-01-01 19:26:30;225661005.42;36;1;10;1;1036
2024-01-01 19:28:41;3800;2024-01-01 07:59:28;480153734.06;23;7;46;7;4633
2024-01-01 19:28:41;9705;2024-01-01 19:28:37;480153734.06;46;0;23;0;4633
2024-01-01 19:28:41;5732;2024-01-01 12:03:24;19680975.52;40;0;10;0;1463
2024-01-01 19:28:41;9706;2024-01-01 19:28:37;19680975.52;10;8;40;8;1463
2024-01-01 19:28:52;5068;2024-01-01 10:43:38;378896270.34;7;3;5;3;336
2024-01-01 19:28:52;8638;2024-01-01 17:58:02;378896270.34;5;0;7;0;336
2024-01-01 19:28:52;786;2024-01-01 02:25:14;246406190.46;8;4;5;4;4717
2024-01-01 19:28:52;8464;2024-01-01 17:43:32;246406190.46;5;0;8;0;4717
2024-01-01 19:28:52;4001;2024-01-01 08:23:09;450554561.93;14;5;5;5;2701
2024-01-01 19:28:52;8691;2024-01-01 18:03:13;450554561.93;5;0;14;0;2701
2024-01-01 19:28:52;3314;2024-01-01 07:02:51;499225398.3;5;0;35;0;3197
2024-01-01 19:28:52;8840;2024-01-01 18:14:41;499225398.3;35;4;5;4;3197
2024-01-01 19:28:52;3647;2024-01-01 07:42:48;416310614.88;5;0;35;0;3470
2024-01-01 19:28:52;8911;2024-01-01 18:20:17;416310614.88;35;2;5;2;3470
2024-01-01 19:28:52;6486;2024-01-01 13:39:00;423086688.48;5;0;13;0;1009
2024-01-01 19:28:52;8094;2024-01-01 17:05:39;423086688.48;13;10;5;10;1009
2024-01-01 19:28:52;1924;2024-01-01 04:18:17;406128903.58;12;4;5;4;2810
2024-01-01 19:28:52;2605;2024-01-01 05:39:11;406128903.58;5;0;12;0;2810
2024-01-01 19:28:52;312;2024-01-01 01:46:05;361273631.92;5;0;6;0;2694
2024-01-01 19:28:52;9303;2024-01-01 18:53:05;361273631.92;6;7;5;7;2694
2024-01-01 19:28:52;1893;2024-01-01 04:15:07;333015894.24;7;2;5;2;1464
2024-01-01 19:28:52;9389;2024-01-01 18:59:56;333015894.24;5;0;7;0;1464
2024-01-01 19:28:52;6180;2024-01-01 13:01:40;196078754.36;12;3;5;3;4322
2024-01-01 19:28:52;9228;2024-01-01 18:45:47;196078754.36;5;0;12;0;4322
2024-01-01 19:28:52;814;2024-01-01 02:28:20;153192754.69;5;0;1;0;3609
2024-01-01 19:28:52;9053;2024-01-01 18:31:34;153192754.69;1;9;5;9;3609
2024-01-01 19:28:52;5915;2024-01-01 12:27:22;325244917.37;32;9;5;9;3807
2024-01-01 19:28:52;8782;2024-01-01 18:10:14;325244917.37;5;0;32;0;3807
2024-01-01 19:28:52;6735;2024-01-01 14:10:40;427308237.85;5;0;6;0;4616
2024-01-01 19:28:52;8687;2024-01-01 18:03:04;427308237.85;6;8;5;8;4616
2024-01-01 19:28:52;979;2024-01-01 02:42:04;336460550.14;5;0;20;0;3720
2024-01-01 19:28:52;9291;2024-01-01 18:51:38;336460550.14;20;3;5;3;3720
2024-01-01 19:28:52;1407;2024-01-01 03:18:36;435196141.31;47;2;5;2;3156
2024-01-01 19:28:52;8703;2024-01-01 18:04:10;435196141.31;5;0;47;0;3156
2024-01-01 19:28:52;8329;2024-01-01 17:33:34;316455676.2;5;0;36;0;3825
2024-01-01 19:28:52;9092;2024-01-01 18:35:39;316455676.2;36;10;5;10;3825
2024-01-01 19:28:52;2652;2024-01-01 05:45:42;404347098.42;2;3;5;3;4410
2024-01-01 19:28:52;7918;2024-01-01 16:41:32;404347098.42;5;0;2;0;4410
2024-01-01 19:28:52;4924;2024-01-01 10:25:45;503036328.19;10;9;5;9;1854
2024-01-01 19:28:52;9586;2024-01-01 19:18:03;503036328.19;5;0;10;0;1854
2024-01-01 19:28:52;5548;2024-01-01 11:44:25;292661622.19;5;0;13;0;4462
2024-01-01 19:28:52;8709;2024-01-01 18:04:38;292661622.19;13;3;5;3;4462
2024-01-01 19:28:52;2480;2024-01-01 05:26:14;298432242.94;44;3;5;3;508
2024-01-01 19:28:52;9295;2024-01-01 18:52:26;298432242.94;5;0;44;0;508
2024-01-01 19:28:52;3569;2024-01-01 07:31:34;133234407.96;5;0;22;0;3152
2024-01-01 19:28:52;9123;2024-01-01 18:37:45;133234407.96;22;3;5;3;3152
2024-01-01 19:28:52;4551;2024-01-01 09:39:17;416536147.87;21;5;5;5;519
2024-01-01 19:28:52;7252;2024-01-01 15:15:18;416536147.87;5;0;21;0;519
2024-01-01 19:28:52;76;2024-01-01 01:12:42;422770936.3;13;4;5;4;1148
2024-01-01 19:28:52;9680;2024-01-01 19:26:54;422770936.3;5;0;13;0;1148
2024-01-01 19:28:52;3229;2024-01-01 06:50:40;281677002.92;11;7;5;7;1540
2024-01-01 19:28:52;8453;2024-01-01 17:42:22;281677002.92;5;0;11;0;1540
2024-01-01 19:28:54;5038;2024-01-01 10:38:10;486909856.16;5;3;4;3;244
2024-01-01 19:28:54;5646;2024-01-01 11:54:23;486909856.16;4;0;5;0;244
2024-01-01 19:28:54;3939;2024-01-01 08:16:48;362997787.19;43;3;4;3;553
2024-01-01 19:28:54;4125;2024-01-01 08:41:33;362997787.19;4;0;43;0;553
2024-01-01 19:28:54;5156;2024-01-01 10:56:06;590440362.54;26;8;4;8;4191
2024-01-01 19:28:54;9428;2024-01-01 19:03:18;590440362.54;4;0;26;0;4191
2024-01-01 19:28:54;6102;2024-01-01 12:51:17;606410801.05;4;0;40;0;4466
2024-01-01 19:28:54;8617;2024-01-01 17:56:41;606410801.05;40;6;4;6;4466
2024-01-01 19:28:54;9255;2024-01-01 18:48:25;499780320.65;4;0;1;0;3895
2024-01-01 19:28:54;9455;2024-01-01 19:06:00;499780320.65;1;3;4;3;3895
2024-01-01 19:28:54;9583;2024-01-01 19:17:55;579118776.67;4;0;44;0;2763
2024-01-01 19:28:54;9671;2024-01-01 19:26:00;579118776.67;44;8;4;8;2763
2024-01-01 19:28:54;3762;2024-01-01 07:55:18;295791570.5;4;0;11;0;4374
2024-01-01 19:28:54;9445;2024-01-01 19:05:02;295791570.5;11;7;4;7;4374
2024-01-01 19:28:54;5163;2024-01-01 10:56:49;460242184.25;11;7;4;7;3943
2024-01-01 19:28:54;9659;2024-01-01 19:24:51;460242184.25;4;0;11;0;3943
2024-01-01 19:29:01;8418;2024-01-01 17:40:32;267317222.45;7;0;39;0;646
2024-01-01 19:29:01;8711;2024-01-01 18:04:52;267317222.45;39;5;7;5;646
2024-01-01 19:29:01;2189;2024-01-01 04:50:50;392904819.3;7;0;32;0;2185
2024-01-01 19:29:01;8898;2024-01-01 18:19:01;392904819.3;32;5;7;5;2185
2024-01-01 19:29:35;4988;2024-01-01 10:32:58;454677746.01;10;0;21;0;1075
2024-01-01 19:29:35;7669;2024-01-01 16:08:59;454677746.01;21;2;10;2;1075
2024-01-01 19:29:37;812;2024-01-01 02:27:55;508300359.95;10;0;15;0;3273
2024-01-01 19:29:37;7308;2024-01-01 15:21:40;508300359.95;15;9;10;9;3273
2024-01-01 19:29:44;7577;2024-01-01 15:56:37;460849778.45;50;5;45;5;702
2024-01-01 19:29:44;8495;2024-01-01 17:46:25;460849778.45;45;0;50;0;702
2024-01-01 19:29:44;5230;2024-01-01 11:05:27;435571200.26;45;0;10;0;936
2024-01-01 19:29:44;9050;2024-01-01 18:31:08;435571200.26;10;1;45;1;936
2024-01-01 19:29:44;2327;2024-01-01 05:07:09;434235174.9;14;8;45;8;2599
2024-01-01 19:29:44;5344;2024-01-01 11:17:40;434235174.9;45;0;14;0;2599
2024-01-01 19:29:44;4435;2024-01-01 09:23:21;482959819.88;3;1;45;1;2113
2024-01-01 19:29:44;8457;2024-01-01 17:42:59;482959819.88;45;0;3;0;2113
2024-01-01 19:29:44;5860;2024-01-01 12:20:16;556384394.6;9;8;45;8;3119
2024-01-01 19:29:44;8264;2024-01-01 17:26:41;556384394.6;45;0;9;0;3119
2024-01-01 19:29:44;5121;2024-01-01 10:51:30;336248308.89;45;0;15;0;4163
2024-01-01 19:29:44;7361;2024-01-01 15:28:27;336248308.89;15;6;45;6;4163
2024-01-01 19:29:44;6202;2024-01-01 13:04:04;462190850.76;45;0;25;0;1202
2024-01-01 19:29:44;8901;2024-01-01 18:19:27;462190850.76;25;2;45;2;1202
2024-01-01 19:29:44;1055;2024-01-01 02:47:37;494919305.61;45;0;11;0;4097
2024-01-01 19:29:44;9247;2024-01-01 18:47:13;494919305.61;11;5;45;5;4097
2024-01-01 19:29:44;339;2024-01-01 01:48:36;552281004.57;29;4;45;4;272
2024-01-01 19:29:44;7265;2024-01-01 15:17:23;552281004.57;45;0;29;0;272
2024-01-01 19:29:44;314;2024-01-01 01:46:09;355500431.35;45;0;29;0;1060
2024-01-01 19:29:44;9360;2024-01-01 18:57:18;355500431.35;29;4;45;4;1060
2024-01-01 19:29:44;5825;2024-01-01 12:16:01;235260099.29;45;0;39;0;605
2024-01-01 19:29:44;9386;2024-01-01 18:59:41;235260099.29;39;6;45;6;605
2024-01-01 19:29:44;1563;2024-01-01 03:32:35;427442943.74;45;0;13;0;3730
2024-01-01 19:29:44;9133;2024-01-01 18:38:26;427442943.74;13;4;45;4;3730
2024-01-01 19:29:44;4426;2024-01-01 09:21:59;448527900.06;45;0;48;0;554
2024-01-01 19:29:44;9260;2024-01-01 18:48:43;448527900.06;48;4;45;4;554
2024-01-01 19:29:44;2720;2024-01-01 05:53:03;372066758.8;10;4;45;4;3519
2024-01-01 19:29:44;9483;2024-01-01 19:08:33;372066758.8;45;0;10;0;3519
2024-01-01 19:29:44;2707;2024-01-01 05:51:50;571014951.62;44;8;45;8;1082
2024-01-01 19:29:44;9487;2024-01-01 19:08:52;571014951.62;45;0;44;0;1082
2024-01-01 19:29:44;276;2024-01-01 01:43:44;479544401.19;43;4;45;4;2167
2024-01-01 19:29:44;8653;2024-01-01 17:59:45;479544401.19;45;0;43;0;2167
2024-01-01 19:29:44;330;2024-01-01 01:47:59;601520264.18;45;0;14;0;586
2024-01-01 19:29:44;9197;2024-01-01 18:43:15;601520264.18;14;10;45;10;586
2024-01-01 19:29:44;1298;2024-01-01 03:09:23;597595949.73;22;1;45;1;2733
2024-01-01 19:29:44;8169;2024-01-01 17:15:31;597595949.73;45;0;22;0;2733
2024-01-01 19:29:44;4603;2024-01-01 09:46:10;353748206.43;24;9;45;9;1080
2024-01-01 19:29:44;9555;2024-01-01 19:14:53;353748206.43;45;0;24;0;1080
2024-01-01 19:29:44;4240;2024-01-01 08:56:36;365018620.66;32;4;45;4;2793
2024-01-01 19:29:44;8926;2024-01-01 18:21:14;365018620.66;45;0;32;0;2793
2024-01-01 19:29:44;4943;2024-01-01 10:27:10;258302034.32;43;4;45;4;1439
2024-01-01 19:29:44;9582;2024-01-01 19:17:54;258302034.32;45;0;43;0;1439
2024-01-01 19:29:44;849;2024-01-01 02:31:40;520066203.79;45;0;28;0;4405
2024-01-01 19:29:44;8289;2024-01-01 17:29:55;520066203.79;28;4;45;4;4405
2024-01-01 19:29:44;6898;2024-01-01 14:31:02;574808145.6;23;4;45;4;4221
2024-01-01 19:29:44;8582;2024-01-01 17:54:28;574808145.6;45;0;23;0;4221
2024-01-01 19:29:44;3747;2024-01-01 07:53:47;324334329.3;45;0;23;0;2013
2024-01-01 19:29:44;9598;2024-01-01 19:19:33;324334329.3;23;4;45;4;2013
2024-01-01 19:29:44;5395;2024-01-01 11:24:44;465371401.59;9;8;45;8;546
2024-01-01 19:29:44;9617;2024-01-01 19:21:08;465371401.59;45;0;9;0;546
2024-01-01 19:29:44;7620;2024-01-01 16:01:30;324399928.62;45;0;16;0;3147
2024-01-01 19:29:44;9638;2024-01-01 19:23:07;324399928.62;16;7;45;7;3147
2024-01-01 19:29:44;4781;2024-01-01 10:10:32;394349477.27;15;10;45;10;4063
2024-01-01 19:29:44;9397;2024-01-01 19:00:59;394349477.27;45;0;15;0;4063
2024-01-01 19:29:44;1698;2024-01-01 03:49:33;429195945.31;28;1;45;1;4772
2024-01-01 19:29:44;5301;2024-01-01 11:13:16;429195945.31;45;0;28;0;4772
2024-01-01 19:29:44;5117;2024-01-01 10:50:49;550661462.13;45;0;40;0;1682
2024-01-01 19:29:44;8369;2024-01-01 17:37:16;550661462.13;40;4;45;4;1682
2024-01-01 19:29:44;1975;2024-01-01 04:23:56;187674989.22;21;0;43;0;4936
2024-01-01 19:29:44;8857;2024-01-01 18:15:34;187674989.22;43;1;21;1;4936
2024-01-01 19:29:44;7226;2024-01-01 15:12:06;41311002.18;46;0;13;0;2985
2024-01-01 19:29:44;9710;2024-01-01 19:28:49;41311002.18;13;6;46;6;2985
2024-01-01 19:29:45;3308;2024-01-01 07:02:05;274293933.81;24;0;5;0;1642
2024-01-01 19:29:45;7679;2024-01-01 16:10:08;274293933.81;5;3;24;3;1642
2024-01-01 19:29:45;8291;2024-01-01 17:30:31;516348397.75;18;9;24;9;1853
2024-01-01 19:29:45;8473;2024-01-01 17:44:19;516348397.75;24;0;18;0;1853
2024-01-01 19:29:45;3290;2024-01-01 07:00:32;396721612.32;46;1;24;1;2347
2024-01-01 19:29:45;3774;2024-01-01 07:56:32;396721612.32;24;0;46;0;2347
2024-01-01 19:29:45;5575;2024-01-01 11:47:31;359597045.0;24;0;31;0;2695
2024-01-01 19:29:45;9349;2024-01-01 18:56:32;359597045.0;31;8;24;8;2695
2024-01-01 19:29:45;6648;2024-01-01 13:58:18;429748984.28;4;7;24;7;4295
2024-01-01 19:29:45;9544;2024-01-01 19:13:43;429748984.28;24;0;4;0;4295
2024-01-01 19:29:45;5394;2024-01-01 11:24:37;480424590.77;18;8;24;8;1696
2024-01-01 19:29:45;9622;2024-01-01 19:22:02;480424590.77;24;0;18;0;1696
2024-01-01 19:29:45;6314;2024-01-01 13:16:53;432324596.28;19;9;24;9;3928
2024-01-01 19:29:45;7126;2024-01-01 15:01:20;432324596.28;24;0;19;0;3928
2024-01-01 19:29:45;3520;2024-01-01 07:26:11;375937073.51;24;0;32;0;2789
2024-01-01 19:29:45;9647;2024-01-01 19:23:53;375937073.51;32;8;24;8;2789
2024-01-01 19:29:47;105;2024-01-01 01:31:11;257026178.47;47;6;29;6;355
2024-01-01 19:29:47;9441;2024-01-01 19:04:45;257026178.47;29;0;47;0;355
2024-01-01 19:29:47;2110;2024-01-01 04:39:59;293845343.06;40;6;29;6;1771
2024-01-01 19:29:47;9454;2024-01-01 19:05:59;293845343.06;29;0;40;0;1771
