Time;0;5;6;2;7;3;1;8;4;Credit limit
2024-03-04 00:00:00;3035606860;3545572874;8253995858;133884063;2332798029;1544000209;5244224499;7382019369;4412715233;-1137091002
2024-03-04 00:15:00;2937915895;3545572874;8253995858;598892542;2332798029;1544000209;5244224499;7014701853;4412715233;-1137091002
2024-03-04 00:30:00;2937915895;3545572874;8253995858;598892542;2332798029;1544000209;5244224499;7014701853;4412715233;-1137091002
2024-03-04 00:45:00;2937915895;3545572874;8253995858;598892542;2332798029;1544000209;5244224499;7014701853;4412715233;-1137091002
2024-03-04 01:00:00;2937915895;3545572874;8253995858;598892542;2332798029;1544000209;5244224499;7014701853;4412715233;-1137091002
2024-03-04 01:15:00;2937915895;3545572874;8253995858;598892542;2332798029;1544000209;5244224499;7014701853;4412715233;-1137091002
2024-03-04 01:30:00;2937915895;3545572874;8253995858;598892542;2332798029;1544000209;5244224499;7014701853;4412715233;-1137091002
2024-03-04 01:45:00;2937915895;3545572874;8253995858;598892542;2332798029;1544000209;5244224499;7014701853;4412715233;-1137091002
2024-03-04 02:00:00;2937915895;3545572874;8253995858;598892542;2332798029;1544000209;5244224499;7014701853;4412715233;-1137091002
2024-03-04 02:15:00;2937915895;3545572874;8253995858;598892542;2332798029;1544000209;5244224499;7014701853;4412715233;-1137091002
2024-03-04 02:30:00;2981705851;3545572874;8499462553;598892542;2332798029;1544000209;4954967847;7014701853;4412715233;-1137091002
2024-03-04 02:45:00;2981705851;3545572874;8499462553;598892542;2332798029;1544000209;4954967847;7014701853;4412715233;-1137091002
2024-03-04 03:00:00;2981705851;3545572874;8499462553;598892542;2332798029;1544000209;4954967847;7014701853;4412715233;-1137091002
2024-03-04 03:15:00;2853660783;3545572874;8499462553;598892542;2332798029;1544000209;4954967847;7142746922;4412715233;-1137091002
2024-03-04 03:30:00;2853660783;3545572874;8499462553;598892542;2332798029;1544000209;4954967847;7142746922;4412715233;-1137091002
2024-03-04 03:45:00;2853660783;3545572874;8499462553;598892542;2332798029;1544000209;4954967847;7142746922;4412715233;-1137091002
2024-03-04 04:00:00;2853660783;3545572874;8499462553;598892542;2332798029;1544000209;4954967847;7142746922;4412715233;-1137091002
2024-03-04 04:15:00;2853660783;3545572874;8499462553;598892542;2332798029;1544000209;4954967847;7142746922;4412715233;-1137091002
2024-03-04 04:30:00;2853660783;3545572874;8499462553;598892542;2332798029;1544000209;4954967847;7142746922;4412715233;-1137091002
2024-03-04 04:45:00;2853660783;3545572874;8499462553;598892542;2332798029;1544000209;4954967847;7142746922;4412715233;-1137091002
2024-03-04 05:00:00;2853660783;3545572874;8499462553;598892542;2332798029;1544000209;4954967847;7142746922;4412715233;-1137091002
2024-03-04 05:15:00;2853660783;3545572874;8499462553;598892542;2332798029;1544000209;4954967847;7142746922;4412715233;-1137091002
2024-03-04 05:30:00;2853660783;3545572874;8499462553;598892542;2332798029;1544000209;4954967847;7142746922;4412715233;-1137091002
2024-03-04 05:45:00;2853660783;3545572874;8499462553;598892542;2332798029;1544000209;4954967847;7142746922;4412715233;-1137091002
2024-03-04 06:00:00;2853660783;3545572874;8499462553;598892542;2332798029;1544000209;4954967847;7142746922;4412715233;-1137091002
2024-03-04 06:15:00;2853660783;3545572874;8499462553;598892542;2332798029;1544000209;4954967847;7142746922;4412715233;-1137091002
2024-03-04 06:30:00;2853660783;3545572874;8499462553;598892542;2332798029;1544000209;4954967847;7142746922;4412715233;-1137091002
2024-03-04 06:45:00;2853660783;3545572874;8499462553;598892542;2332798029;1544000209;4954967847;7142746922;4412715233;-1137091002
2024-03-04 07:00:00;2853660783;3545572874;8499462553;598892542;2332798029;1544000209;4954967847;7142746922;4412715233;-1137091002
2024-03-04 07:15:00;2853660783;3545572874;8499462553;598892542;2332798029;1544000209;4954967847;7142746922;4412715233;-1137091002
2024-03-04 07:30:00;2853660783;3545572874;8499462553;598892542;2332798029;1544000209;4954967847;7142746922;4412715233;-1137091002
2024-03-04 07:45:00;2853660783;3545572874;8499462553;598892542;2332798029;1544000209;4954967847;7142746922;4412715233;-1137091002
2024-03-04 08:00:00;2902869756;3545572874;8499462553;549683569;2332798029;1544000209;4954967847;7142746922;4412715233;-1137091002
2024-03-04 08:15:00;2902869756;3545572874;8499462553;549683569;2332798029;1544000209;4954967847;7142746922;4412715233;-1137091002
2024-03-04 08:30:00;2979882656;3679937719;8499462553;549683569;2121420284;1544000209;4954967847;7142746922;4412715233;-1137091002
2024-03-04 08:45:00;2979882656;3679937719;8499462553;549683569;2121420284;1544000209;4954967847;7142746922;4412715233;-1137091002
2024-03-04 09:00:00;2979882656;3679937719;8499462553;549683569;2121420284;1544000209;4954967847;7142746922;4412715233;-1137091002
2024-03-04 09:15:00;2979882656;3679937719;8499462553;549683569;2121420284;1544000209;4954967847;7142746922;4412715233;-1137091002
2024-03-04 09:30:00;2979882656;3679937719;8499462553;549683569;2121420284;1544000209;4954967847;7142746922;4412715233;-1137091002
2024-03-04 09:45:00;2979882656;3679937719;8499462553;549683569;2121420284;1544000209;4954967847;7142746922;4412715233;-1137091002
2024-03-04 10:00:00;2979882656;3679937719;8499462553;549683569;2121420284;1544000209;4954967847;7142746922;4412715233;-1137091002
2024-03-04 10:15:00;2979882656;3679937719;8499462553;549683569;2121420284;1544000209;4954967847;7142746922;4412715233;-1137091002
2024-03-04 10:30:00;2979882656;3679937719;8499462553;549683569;2121420284;1544000209;4954967847;7142746922;4412715233;-1137091002
2024-03-04 10:45:00;3042734375;3679937719;8499462553;549683569;2121420284;1544000209;4892116127;7142746922;4412715233;-1137091002
2024-03-04 11:00:00;3042734375;3679937719;8499462553;549683569;2121420284;1544000209;4892116127;7142746922;4412715233;-1137091002
2024-03-04 11:15:00;3042734375;3679937719;8499462553;549683569;2121420284;1544000209;4892116127;7142746922;4412715233;-1137091002
2024-03-04 11:30:00;3042734375;3679937719;8499462553;549683569;2121420284;1544000209;4892116127;7142746922;4412715233;-1137091002
2024-03-04 11:45:00;3042734375;3679937719;8499462553;549683569;2121420284;1544000209;4892116127;7142746922;4412715233;-1137091002
2024-03-04 12:00:00;3042734375;3679937719;8499462553;549683569;2121420284;1544000209;4892116127;7142746922;4412715233;-1137091002
2024-03-04 12:15:00;3042734375;3679937719;8499462553;549683569;2121420284;1544000209;4892116127;7142746922;4412715233;-1137091002
2024-03-04 12:30:00;3042734375;3679937719;8499462553;549683569;2121420284;1544000209;4892116127;7142746922;4412715233;-1137091002
2024-03-04 12:45:00;3042734375;3679937719;8499462553;549683569;2121420284;1544000209;4892116127;7142746922;4412715233;-1137091002
2024-03-04 13:00:00;3042734375;3679937719;8499462553;549683569;2121420284;1544000209;4892116127;7142746922;4412715233;-1137091002
2024-03-04 13:15:00;3042734375;3679937719;8499462553;549683569;2121420284;1544000209;4892116127;7142746922;4412715233;-1137091002
2024-03-04 13:30:00;3143833250;3679937719;8499462553;549683569;2121420284;1442901334;4892116127;7142746922;4412715233;-1137091002
2024-03-04 13:45:00;3143833250;3679937719;8499462553;549683569;2121420284;1442901334;4892116127;7142746922;4412715233;-1137091002
2024-03-04 14:00:00;3143833250;3679937719;8499462553;549683569;2121420284;1442901334;4892116127;7142746922;4412715233;-1137091002
2024-03-04 14:15:00;3017342764;3679937719;8499462553;549683569;2247910769;1442901334;4892116127;7142746922;4412715233;-1137091002
2024-03-04 14:30:00;3017342764;3679937719;8499462553;549683569;2247910769;1442901334;4892116127;7142746922;4412715233;-1137091002
2024-03-04 14:45:00;3017342764;3679937719;8499462553;549683569;2247910769;1442901334;4892116127;7142746922;4412715233;-1137091002
2024-03-04 15:00:00;3201555212;3679937719;8499462553;549683569;2247910769;1442901334;4707903679;7142746922;4412715233;-1137091002
2024-03-04 15:15:00;3201555212;3679937719;8499462553;549683569;2247910769;1442901334;4707903679;7142746922;4412715233;-1137091002
2024-03-04 15:30:00;3201555212;3679937719;8499462553;549683569;2247910769;1442901334;4707903679;7142746922;4412715233;-1137091002
2024-03-04 15:45:00;3201555212;3679937719;8499462553;549683569;2247910769;1442901334;4707903679;7142746922;4412715233;-1137091002
2024-03-04 16:00:00;3201555212;3679937719;8499462553;549683569;2247910769;1442901334;4707903679;7142746922;4412715233;-1137091002
2024-03-04 16:15:00;3201555212;3679937719;8499462553;549683569;2247910769;1442901334;4707903679;7142746922;4412715233;-1137091002
2024-03-04 16:30:00;3201555212;3679937719;8499462553;549683569;2247910769;1442901334;4707903679;7142746922;4412715233;-1137091002
2024-03-04 16:45:00;3201555212;3679937719;8499462553;549683569;2247910769;1442901334;4707903679;7142746922;4412715233;-1137091002
2024-03-04 17:00:00;3201555212;3679937719;8499462553;549683569;2247910769;1442901334;4707903679;7142746922;4412715233;-1137091002
2024-03-04 17:15:00;3201555212;3679937719;8499462553;549683569;2247910769;1442901334;4707903679;7142746922;4412715233;-1137091002
2024-03-04 17:30:00;3201555212;3679937719;8499462553;549683569;2247910769;1442901334;4707903679;7142746922;4412715233;-1137091002
2024-03-04 17:45:00;3201555212;3679937719;8499462553;549683569;2247910769;1442901334;4707903679;7142746922;4412715233;-1137091002
2024-03-04 18:00:00;3201555212;3679937719;8499462553;549683569;2247910769;1442901334;4707903679;7142746922;4412715233;-1137091002
2024-03-04 18:15:00;2994371783;3679937719;8499462553;549683569;2247910769;1442901334;4915087108;7142746922;4412715233;-1137091002
2024-03-04 18:30:00;2994371783;3679937719;8499462553;549683569;2247910769;1442901334;4915087108;7142746922;4412715233;-1137091002
2024-03-04 18:45:00;2994371783;3679937719;8499462553;549683569;2247910769;1442901334;4915087108;7142746922;4412715233;-1137091002
2024-03-04 19:00:00;2994371783;3679937719;8499462553;549683569;2247910769;1442901334;4915087108;7142746922;4412715233;-1137091002
2024-03-04 19:15:00;2994371783;3679937719;8499462553;549683569;2247910769;1442901334;4915087108;7142746922;4412715233;-1137091002
2024-03-04 19:30:00;3164374576;3679937719;8499462553;549683569;2247910769;1272898542;4915087108;7142746922;4412715233;-1137091002
2024-03-04 19:45:00;3164374576;3679937719;8499462553;549683569;2247910769;1272898542;4915087108;7142746922;4412715233;-1137091002
2024-03-04 20:00:00;3164374576;3679937719;8499462553;549683569;2247910769;1272898542;4915087108;7142746922;4412715233;-1137091002
2024-03-04 20:15:00;3164374576;3679937719;8499462553;549683569;2247910769;1272898542;4915087108;7142746922;4412715233;-1137091002
2024-03-04 20:30:00;3164374576;3679937719;8499462553;549683569;2247910769;1272898542;4915087108;7142746922;4412715233;-1137091002
2024-03-04 20:45:00;3164374576;3679937719;8499462553;549683569;2247910769;1272898542;4915087108;7142746922;4412715233;-1137091002
2024-03-04 21:00:00;3164374576;3679937719;8499462553;549683569;2247910769;1272898542;4915087108;7142746922;4412715233;-1137091002
2024-03-04 21:15:00;3164374576;3679937719;8499462553;549683569;2247910769;1272898542;4915087108;7142746922;4412715233;-1137091002
2024-03-04 21:30:00;3164374576;3679937719;8499462553;549683569;2247910769;1272898542;4915087108;7142746922;4412715233;-1137091002
2024-03-04 21:45:00;3164374576;3679937719;8499462553;549683569;2247910769;1272898542;4915087108;7142746922;4412715233;-1137091002
2024-03-04 22:00:00;3164374576;3679937719;8499462553;549683569;2247910769;1272898542;4915087108;7142746922;4412715233;-1137091002
2024-03-04 22:15:00;3164374576;3679937719;8499462553;549683569;2247910769;1272898542;4915087108;7142746922;4412715233;-1137091002
2024-03-04 22:30:00;3164374576;3679937719;8499462553;549683569;2247910769;1272898542;4915087108;7142746922;4412715233;-1137091002
2024-03-04 22:45:00;3164374576;3679937719;8499462553;549683569;2247910769;1272898542;4915087108;7142746922;4412715233;-1137091002
2024-03-04 23:00:00;3164374576;3679937719;8499462553;549683569;2247910769;1272898542;4915087108;7142746922;4412715233;-1137091002
2024-03-04 23:15:00;3164374576;3679937719;8499462553;549683569;2247910769;1272898542;4915087108;7142746922;4412715233;-1137091002
2024-03-04 23:30:00;3164374576;3679937719;8499462553;549683569;2247910769;1272898542;4915087108;7142746922;4412715233;-1137091002
2024-03-04 23:45:00;3164374576;3679937719;8499462553;549683569;2247910769;1272898542;4915087108;7142746922;4412715233;-1137091002
2024-03-05 00:00:00;3164374576;3679937719;8499462553;549683569;2247910769;1272898542;4915087108;7142746922;4412715233;-1137091002
2024-03-05 00:15:00;2838981029;3802564006;8499462553;678265291;2500789859;1094204989;4915087108;7142746922;4412715233;-1137091002
2024-03-05 00:30:00;2838981029;3802564006;8499462553;678265291;2500789859;1094204989;4915087108;7142746922;4412715233;-1137091002
2024-03-05 00:45:00;2838981029;3802564006;8499462553;678265291;2500789859;1094204989;4915087108;7142746922;4412715233;-1137091002
2024-03-05 01:00:00;2838981029;3802564006;8499462553;678265291;2500789859;1094204989;4915087108;7142746922;4412715233;-1137091002
2024-03-05 01:15:00;2838981029;3802564006;8499462553;678265291;2500789859;1094204989;4915087108;7142746922;4412715233;-1137091002
2024-03-05 01:30:00;2838981029;3802564006;8499462553;678265291;2500789859;1094204989;4915087108;7142746922;4412715233;-1137091002
2024-03-05 01:45:00;2838981029;3802564006;8499462553;678265291;2500789859;1094204989;4915087108;7142746922;4412715233;-1137091002
2024-03-05 02:00:00;2838981029;3802564006;8499462553;678265291;2500789859;1094204989;4915087108;7142746922;4412715233;-1137091002
2024-03-05 02:15:00;2838981029;3802564006;8499462553;678265291;2500789859;1094204989;4915087108;7142746922;4412715233;-1137091002
2024-03-05 02:30:00;2838981029;3802564006;8499462553;678265291;2500789859;1094204989;4915087108;7142746922;4412715233;-1137091002
2024-03-05 02:45:00;2838981029;3802564006;8499462553;678265291;2500789859;1094204989;4915087108;7142746922;4412715233;-1137091002
2024-03-05 03:00:00;2838981029;3802564006;8499462553;678265291;2500789859;1094204989;4915087108;7142746922;4412715233;-1137091002
2024-03-05 03:15:00;2838981029;3802564006;8499462553;678265291;2500789859;1094204989;4915087108;7142746922;4412715233;-1137091002
2024-03-05 03:30:00;2838981029;3802564006;8499462553;678265291;2500789859;1094204989;4915087108;7142746922;4412715233;-1137091002
2024-03-05 03:45:00;2838981029;3802564006;8499462553;678265291;2500789859;1094204989;4915087108;7142746922;4412715233;-1137091002
2024-03-05 04:00:00;2838981029;3802564006;8499462553;678265291;2500789859;1094204989;4915087108;7142746922;4412715233;-1137091002
2024-03-05 04:15:00;2838981029;3802564006;8499462553;678265291;2500789859;1094204989;4915087108;7142746922;4412715233;-1137091002
2024-03-05 04:30:00;2838981029;3802564006;8499462553;678265291;2500789859;1094204989;4915087108;7142746922;4412715233;-1137091002
2024-03-05 04:45:00;2838981029;3802564006;8499462553;678265291;2500789859;1094204989;4915087108;7142746922;4412715233;-1137091002
2024-03-05 05:00:00;2838981029;3802564006;8499462553;678265291;2500789859;1094204989;4915087108;7142746922;4412715233;-1137091002
2024-03-05 05:15:00;2838981029;3802564006;8499462553;678265291;2500789859;1094204989;4915087108;7142746922;4412715233;-1137091002
2024-03-05 05:30:00;2838981029;3802564006;8499462553;678265291;2500789859;1094204989;4915087108;7142746922;4412715233;-1137091002
2024-03-05 05:45:00;2838981029;3802564006;8499462553;678265291;2500789859;1094204989;4915087108;7142746922;4412715233;-1137091002
2024-03-05 06:00:00;2803636663;3802564006;8499462553;678265291;2536134225;1094204989;4915087108;7142746922;4412715233;-1137091002
2024-03-05 06:15:00;2803636663;3802564006;8499462553;678265291;2536134225;1094204989;4915087108;7142746922;4412715233;-1137091002
2024-03-05 06:30:00;2803636663;3802564006;8499462553;678265291;2536134225;1094204989;4915087108;7142746922;4412715233;-1137091002
2024-03-05 06:45:00;2803636663;3802564006;8499462553;678265291;2536134225;1094204989;4915087108;7142746922;4412715233;-1137091002
2024-03-05 07:00:00;3101750326;3802564006;8499462553;678265291;2536134225;1094204989;4915087108;7142746922;4114601570;-1137091002
2024-03-05 07:15:00;3101750326;3802564006;8499462553;678265291;2536134225;1094204989;4915087108;7142746922;4114601570;-1137091002
2024-03-05 07:30:00;3257332194;3802564006;8499462553;678265291;2536134225;1094204989;4915087108;7142746922;3959019702;-1137091002
2024-03-05 07:45:00;3257332194;3802564006;8499462553;678265291;2536134225;1094204989;4915087108;7142746922;3959019702;-1137091002
2024-03-05 08:00:00;3257332194;3802564006;8499462553;678265291;2536134225;1094204989;4915087108;7142746922;3959019702;-1137091002
2024-03-05 08:15:00;3257332194;3802564006;8499462553;678265291;2536134225;1094204989;4915087108;7142746922;3959019702;-1137091002
2024-03-05 08:30:00;3257332194;3802564006;8499462553;678265291;2536134225;1094204989;4915087108;7142746922;3959019702;-1137091002
2024-03-05 08:45:00;3257332194;3802564006;8499462553;678265291;2536134225;1094204989;4915087108;7142746922;3959019702;-1137091002
2024-03-05 09:00:00;3257332194;3802564006;8499462553;678265291;2536134225;1094204989;4915087108;7142746922;3959019702;-1137091002
2024-03-05 09:15:00;3257332194;3802564006;8499462553;678265291;2536134225;1094204989;4915087108;7142746922;3959019702;-1137091002
2024-03-05 09:30:00;3257332194;3802564006;8499462553;678265291;2536134225;1094204989;4915087108;7142746922;3959019702;-1137091002
2024-03-05 09:45:00;3257332194;3802564006;8499462553;678265291;2536134225;1094204989;4915087108;7142746922;3959019702;-1137091002
2024-03-05 10:00:00;3257332194;3802564006;8499462553;678265291;2536134225;1094204989;4915087108;7142746922;3959019702;-1137091002
2024-03-05 10:15:00;3257332194;3802564006;8499462553;678265291;2536134225;1094204989;4915087108;7142746922;3959019702;-1137091002
2024-03-05 10:30:00;3257332194;3802564006;8499462553;678265291;2536134225;1094204989;4915087108;7142746922;3959019702;-1137091002
2024-03-05 10:45:00;3257332194;3802564006;8499462553;678265291;2536134225;1094204989;4915087108;7142746922;3959019702;-1137091002
2024-03-05 11:00:00;3257332194;3802564006;8499462553;678265291;2536134225;1094204989;4915087108;7142746922;3959019702;-1137091002
2024-03-05 11:15:00;3257332194;3802564006;8499462553;678265291;2536134225;1094204989;4915087108;7142746922;3959019702;-1137091002
2024-03-05 11:30:00;3257332194;3802564006;8499462553;678265291;2536134225;1094204989;4915087108;7142746922;3959019702;-1137091002
2024-03-05 11:45:00;3257332194;3802564006;8499462553;678265291;2536134225;1094204989;4915087108;7142746922;3959019702;-1137091002
2024-03-05 12:00:00;3257332194;3802564006;8499462553;678265291;2536134225;1094204989;4915087108;7142746922;3959019702;-1137091002
2024-03-05 12:15:00;3257332194;3802564006;8499462553;678265291;2536134225;1094204989;4915087108;7142746922;3959019702;-1137091002
2024-03-05 12:30:00;3257332194;3802564006;8499462553;678265291;2536134225;1094204989;4915087108;7142746922;3959019702;-1137091002
2024-03-05 12:45:00;3257332194;3802564006;8499462553;678265291;2536134225;1094204989;4915087108;7142746922;3959019702;-1137091002
2024-03-05 13:00:00;3257332194;3802564006;8499462553;678265291;2536134225;1094204989;4915087108;7142746922;3959019702;-1137091002
2024-03-05 13:15:00;3257332194;3802564006;8499462553;678265291;2536134225;1094204989;4915087108;7142746922;3959019702;-1137091002
2024-03-05 13:30:00;3257332194;3802564006;8499462553;678265291;2536134225;1094204989;4915087108;7142746922;3959019702;-1137091002
2024-03-05 13:45:00;3257332194;3802564006;8499462553;678265291;2536134225;1094204989;4915087108;7142746922;3959019702;-1137091002
2024-03-05 14:00:00;3257332194;3802564006;8499462553;678265291;2536134225;1094204989;4915087108;7142746922;3959019702;-1137091002
2024-03-05 14:15:00;3257332194;3802564006;8499462553;678265291;2536134225;1094204989;4915087108;7142746922;3959019702;-1137091002
2024-03-05 14:30:00;3257332194;3802564006;8499462553;678265291;2536134225;1094204989;4915087108;7142746922;3959019702;-1137091002
2024-03-05 14:45:00;3257332194;3802564006;8499462553;678265291;2536134225;1094204989;4915087108;7142746922;3959019702;-1137091002
2024-03-05 15:00:00;3257332194;3802564006;8499462553;678265291;2536134225;1094204989;4915087108;7142746922;3959019702;-1137091002
2024-03-05 15:15:00;3235385069;3802564006;8499462553;678265291;2536134225;1094204989;4915087108;7164694047;3959019702;-1137091002
2024-03-05 15:30:00;3235385069;3802564006;8499462553;678265291;2536134225;1094204989;4915087108;7164694047;3959019702;-1137091002
2024-03-05 15:45:00;3235385069;3802564006;8499462553;678265291;2536134225;1094204989;4915087108;7164694047;3959019702;-1137091002
2024-03-05 16:00:00;3235385069;3802564006;8499462553;678265291;2536134225;1094204989;4915087108;7164694047;3959019702;-1137091002
2024-03-05 16:15:00;3235385069;3802564006;8499462553;678265291;2536134225;1094204989;4915087108;7164694047;3959019702;-1137091002
2024-03-05 16:30:00;3235385069;3802564006;8499462553;678265291;2536134225;1094204989;4915087108;7164694047;3959019702;-1137091002
2024-03-05 16:45:00;3083487137;3802564006;8499462553;678265291;2688032157;1094204989;4915087108;7164694047;3959019702;-1137091002
2024-03-05 17:00:00;3083487137;3802564006;8499462553;678265291;2688032157;1094204989;4915087108;7164694047;3959019702;-1137091002
2024-03-05 17:15:00;3083487137;3802564006;8499462553;678265291;2688032157;1094204989;4915087108;7164694047;3959019702;-1137091002
2024-03-05 17:30:00;3083487137;3802564006;8499462553;678265291;2688032157;1094204989;4915087108;7164694047;3959019702;-1137091002
2024-03-05 17:45:00;3083487137;3802564006;8499462553;678265291;2688032157;1094204989;4915087108;7164694047;3959019702;-1137091002
2024-03-05 18:00:00;3449880383;3802564006;8499462553;678265291;2688032157;727811743;4915087108;7164694047;3959019702;-1137091002
2024-03-05 18:15:00;3449880383;3802564006;8499462553;678265291;2688032157;727811743;4915087108;7164694047;3959019702;-1137091002
2024-03-05 18:30:00;3449880383;3802564006;8499462553;678265291;2688032157;727811743;4915087108;7164694047;3959019702;-1137091002
2024-03-05 18:45:00;3449880383;3802564006;8499462553;678265291;2688032157;727811743;4915087108;7164694047;3959019702;-1137091002
2024-03-05 19:00:00;3449880383;3802564006;8499462553;678265291;2688032157;727811743;4915087108;7164694047;3959019702;-1137091002
2024-03-05 19:15:00;3449880383;3802564006;8499462553;678265291;2688032157;727811743;4915087108;7164694047;3959019702;-1137091002
2024-03-05 19:30:00;3366721290;3802564006;8582621646;678265291;2688032157;727811743;4915087108;7164694047;3959019702;-1137091002
2024-03-05 19:45:00;3366721290;3802564006;8582621646;678265291;2688032157;727811743;4915087108;7164694047;3959019702;-1137091002
2024-03-05 20:00:00;3366721290;3802564006;8582621646;678265291;2688032157;727811743;4915087108;7164694047;3959019702;-1137091002
2024-03-05 20:15:00;3366721290;3802564006;8582621646;678265291;2688032157;727811743;4915087108;7164694047;3959019702;-1137091002
2024-03-05 20:30:00;3366721290;3802564006;8582621646;678265291;2688032157;727811743;4915087108;7164694047;3959019702;-1137091002
2024-03-05 20:45:00;3366721290;3802564006;8582621646;678265291;2688032157;727811743;4915087108;7164694047;3959019702;-1137091002
2024-03-05 21:00:00;3366721290;3802564006;8582621646;678265291;2688032157;727811743;4915087108;7164694047;3959019702;-1137091002
2024-03-05 21:15:00;3366721290;3802564006;8582621646;678265291;2688032157;727811743;4915087108;7164694047;3959019702;-1137091002
2024-03-05 21:30:00;3366721290;3802564006;8582621646;678265291;2688032157;727811743;4915087108;7164694047;3959019702;-1137091002
2024-03-05 21:45:00;3366721290;3802564006;8582621646;678265291;2688032157;727811743;4915087108;7164694047;3959019702;-1137091002
2024-03-05 22:00:00;3366721290;3802564006;8582621646;678265291;2688032157;727811743;4915087108;7164694047;3959019702;-1137091002
2024-03-05 22:15:00;3366721290;3802564006;8582621646;678265291;2688032157;727811743;4915087108;7164694047;3959019702;-1137091002
2024-03-05 22:30:00;3366721290;3802564006;8582621646;678265291;2688032157;727811743;4915087108;7164694047;3959019702;-1137091002
2024-03-05 22:45:00;3366721290;3802564006;8582621646;678265291;2688032157;727811743;4915087108;7164694047;3959019702;-1137091002
2024-03-05 23:00:00;3366721290;3802564006;8582621646;678265291;2688032157;727811743;4915087108;7164694047;3959019702;-1137091002
2024-03-05 23:15:00;3366721290;3802564006;8582621646;678265291;2688032157;727811743;4915087108;7164694047;3959019702;-1137091002
2024-03-05 23:30:00;3366721290;3802564006;8582621646;678265291;2688032157;727811743;4915087108;7164694047;3959019702;-1137091002
2024-03-05 23:45:00;3366721290;3802564006;8582621646;678265291;2688032157;727811743;4915087108;7164694047;3959019702;-1137091002
2024-03-06 00:00:00;3366721290;3802564006;8582621646;678265291;2688032157;727811743;4915087108;7164694047;3959019702;-1137091002
2024-03-06 00:15:00;3134340511;3745372744;8739449969;831687700;2688032157;546503262;4915087108;7325323836;3959019702;-1137091002
2024-03-06 00:30:00;3134340511;3745372744;8739449969;831687700;2688032157;546503262;4915087108;7325323836;3959019702;-1137091002
2024-03-06 00:45:00;3134340511;3745372744;8739449969;831687700;2688032157;546503262;4915087108;7325323836;3959019702;-1137091002
2024-03-06 01:00:00;3134340511;3745372744;8739449969;831687700;2688032157;546503262;4915087108;7325323836;3959019702;-1137091002
2024-03-06 01:15:00;3134340511;3745372744;8739449969;831687700;2688032157;546503262;4915087108;7325323836;3959019702;-1137091002
2024-03-06 01:30:00;3134340511;3745372744;8739449969;831687700;2688032157;546503262;4915087108;7325323836;3959019702;-1137091002
2024-03-06 01:45:00;3134340511;3745372744;8739449969;831687700;2688032157;546503262;4915087108;7325323836;3959019702;-1137091002
2024-03-06 02:00:00;3134340511;3745372744;8739449969;831687700;2688032157;546503262;4915087108;7325323836;3959019702;-1137091002
2024-03-06 02:15:00;3407794643;3745372744;8739449969;831687700;2688032157;546503262;4641632976;7325323836;3959019702;-1137091002
2024-03-06 02:30:00;3407794643;3745372744;8739449969;831687700;2688032157;546503262;4641632976;7325323836;3959019702;-1137091002
2024-03-06 02:45:00;3407794643;3745372744;8739449969;831687700;2688032157;546503262;4641632976;7325323836;3959019702;-1137091002
2024-03-06 03:00:00;3407794643;3745372744;8739449969;831687700;2688032157;546503262;4641632976;7325323836;3959019702;-1137091002
2024-03-06 03:15:00;3407794643;3745372744;8739449969;831687700;2688032157;546503262;4641632976;7325323836;3959019702;-1137091002
2024-03-06 03:30:00;3407794643;3745372744;8739449969;831687700;2688032157;546503262;4641632976;7325323836;3959019702;-1137091002
2024-03-06 03:45:00;3407794643;3745372744;8739449969;831687700;2688032157;546503262;4641632976;7325323836;3959019702;-1137091002
2024-03-06 04:00:00;3407794643;3745372744;8739449969;831687700;2688032157;546503262;4641632976;7325323836;3959019702;-1137091002
2024-03-06 04:15:00;3407794643;3745372744;8739449969;831687700;2688032157;546503262;4641632976;7325323836;3959019702;-1137091002
2024-03-06 04:30:00;3407794643;3745372744;8739449969;831687700;2688032157;546503262;4641632976;7325323836;3959019702;-1137091002
2024-03-06 04:45:00;3407794643;3745372744;8739449969;831687700;2688032157;546503262;4641632976;7325323836;3959019702;-1137091002
2024-03-06 05:00:00;3407794643;3745372744;8739449969;831687700;2688032157;546503262;4641632976;7325323836;3959019702;-1137091002
2024-03-06 05:15:00;3407794643;3745372744;8739449969;831687700;2688032157;546503262;4641632976;7325323836;3959019702;-1137091002
2024-03-06 05:30:00;3407794643;3745372744;8739449969;831687700;2688032157;546503262;4641632976;7325323836;3959019702;-1137091002
2024-03-06 05:45:00;3407794643;3745372744;8739449969;831687700;2688032157;546503262;4641632976;7325323836;3959019702;-1137091002
2024-03-06 06:00:00;3598199146;3745372744;8739449969;831687700;2688032157;546503262;4641632976;7134919333;3959019702;-1137091002
2024-03-06 06:15:00;3598199146;3745372744;8739449969;831687700;2688032157;546503262;4641632976;7134919333;3959019702;-1137091002
2024-03-06 06:30:00;3598199146;3745372744;8739449969;831687700;2688032157;546503262;4641632976;7134919333;3959019702;-1137091002
2024-03-06 06:45:00;3598199146;3745372744;8739449969;831687700;2688032157;546503262;4641632976;7134919333;3959019702;-1137091002
2024-03-06 07:00:00;3598199146;3745372744;8739449969;831687700;2688032157;546503262;4641632976;7134919333;3959019702;-1137091002
2024-03-06 07:15:00;3662343771;3745372744;8739449969;831687700;2623887532;546503262;4641632976;7134919333;3959019702;-1137091002
2024-03-06 07:30:00;3662343771;3745372744;8739449969;831687700;2623887532;546503262;4641632976;7134919333;3959019702;-1137091002
2024-03-06 07:45:00;3662343771;3745372744;8739449969;831687700;2623887532;546503262;4641632976;7134919333;3959019702;-1137091002
2024-03-06 08:00:00;3372157039;4035559477;8739449969;831687700;2623887532;546503262;4641632976;7134919333;3959019702;-1137091002
2024-03-06 08:15:00;3372157039;4035559477;8739449969;831687700;2623887532;546503262;4641632976;7134919333;3959019702;-1137091002
2024-03-06 08:30:00;3372157039;4035559477;8739449969;831687700;2623887532;546503262;4641632976;7134919333;3959019702;-1137091002
2024-03-06 08:45:00;3372157039;4035559477;8739449969;831687700;2623887532;546503262;4641632976;7134919333;3959019702;-1137091002
2024-03-06 09:00:00;3372157039;4035559477;8739449969;831687700;2623887532;546503262;4641632976;7134919333;3959019702;-1137091002
2024-03-06 09:15:00;3372157039;4035559477;8739449969;831687700;2623887532;546503262;4641632976;7134919333;3959019702;-1137091002
2024-03-06 09:30:00;3372157039;4035559477;8739449969;831687700;2623887532;546503262;4641632976;7134919333;3959019702;-1137091002
2024-03-06 09:45:00;3372157039;4035559477;8739449969;831687700;2623887532;546503262;4641632976;7134919333;3959019702;-1137091002
2024-03-06 10:00:00;3372157039;4035559477;8739449969;831687700;2623887532;546503262;4641632976;7134919333;3959019702;-1137091002
2024-03-06 10:15:00;3372157039;4035559477;8739449969;831687700;2623887532;546503262;4641632976;7134919333;3959019702;-1137091002
2024-03-06 10:30:00;3372157039;4035559477;8739449969;831687700;2623887532;546503262;4641632976;7134919333;3959019702;-1137091002
2024-03-06 10:45:00;3372157039;4035559477;8739449969;831687700;2623887532;546503262;4641632976;7134919333;3959019702;-1137091002
2024-03-06 11:00:00;3372157039;4035559477;8739449969;831687700;2623887532;546503262;4641632976;7134919333;3959019702;-1137091002
2024-03-06 11:15:00;3372157039;4035559477;8739449969;831687700;2623887532;546503262;4641632976;7134919333;3959019702;-1137091002
2024-03-06 11:30:00;3230131208;4035559477;8739449969;831687700;2623887532;546503262;4641632976;7276945164;3959019702;-1137091002
2024-03-06 11:45:00;3230131208;4035559477;8739449969;831687700;2623887532;546503262;4641632976;7276945164;3959019702;-1137091002
2024-03-06 12:00:00;3230131208;4035559477;8739449969;831687700;2623887532;546503262;4641632976;7276945164;3959019702;-1137091002
2024-03-06 12:15:00;3230131208;4035559477;8739449969;831687700;2623887532;546503262;4641632976;7276945164;3959019702;-1137091002
2024-03-06 12:30:00;3230131208;4035559477;8739449969;831687700;2623887532;546503262;4641632976;7276945164;3959019702;-1137091002
2024-03-06 12:45:00;3230131208;4035559477;8739449969;831687700;2623887532;546503262;4641632976;7276945164;3959019702;-1137091002
2024-03-06 13:00:00;3230131208;4035559477;8739449969;831687700;2623887532;546503262;4641632976;7276945164;3959019702;-1137091002
2024-03-06 13:15:00;3166124022;4218244303;8739449969;831687700;2623887532;546503262;4641632976;7158267523;3959019702;-1137091002
2024-03-06 13:30:00;3166124022;4218244303;8739449969;831687700;2623887532;546503262;4641632976;7158267523;3959019702;-1137091002
2024-03-06 13:45:00;3166124022;4218244303;8739449969;831687700;2623887532;546503262;4641632976;7158267523;3959019702;-1137091002
2024-03-06 14:00:00;3166124022;4218244303;8739449969;831687700;2623887532;546503262;4641632976;7158267523;3959019702;-1137091002
2024-03-06 14:15:00;3166124022;4218244303;8739449969;831687700;2623887532;546503262;4641632976;7158267523;3959019702;-1137091002
2024-03-06 14:30:00;3166124022;4218244303;8739449969;831687700;2623887532;546503262;4641632976;7158267523;3959019702;-1137091002
2024-03-06 14:45:00;3166124022;4218244303;8739449969;831687700;2623887532;546503262;4641632976;7158267523;3959019702;-1137091002
2024-03-06 15:00:00;3166124022;4218244303;8739449969;831687700;2623887532;546503262;4641632976;7158267523;3959019702;-1137091002
2024-03-06 15:15:00;3166124022;4218244303;8739449969;831687700;2623887532;546503262;4641632976;7158267523;3959019702;-1137091002
2024-03-06 15:30:00;3166124022;4218244303;8739449969;831687700;2623887532;546503262;4641632976;7158267523;3959019702;-1137091002
2024-03-06 15:45:00;3166124022;4218244303;8739449969;831687700;2623887532;546503262;4641632976;7158267523;3959019702;-1137091002
2024-03-06 16:00:00;3166124022;4218244303;8739449969;831687700;2623887532;546503262;4641632976;7158267523;3959019702;-1137091002
2024-03-06 16:15:00;3336292585;4218244303;8739449969;831687700;2623887532;546503262;4471464413;7158267523;3959019702;-1137091002
2024-03-06 16:30:00;3336292585;4218244303;8739449969;831687700;2623887532;546503262;4471464413;7158267523;3959019702;-1137091002
2024-03-06 16:45:00;3336292585;4218244303;8739449969;831687700;2623887532;546503262;4471464413;7158267523;3959019702;-1137091002
2024-03-06 17:00:00;3336292585;4218244303;8739449969;831687700;2623887532;546503262;4471464413;7158267523;3959019702;-1137091002
2024-03-06 17:15:00;3336292585;4218244303;8739449969;831687700;2623887532;546503262;4471464413;7158267523;3959019702;-1137091002
2024-03-06 17:30:00;3336292585;4218244303;8739449969;831687700;2623887532;546503262;4471464413;7158267523;3959019702;-1137091002
2024-03-06 17:45:00;3336292585;4218244303;8739449969;831687700;2623887532;546503262;4471464413;7158267523;3959019702;-1137091002
2024-03-06 18:00:00;3336292585;4218244303;8739449969;831687700;2623887532;546503262;4471464413;7158267523;3959019702;-1137091002
2024-03-06 18:15:00;3336292585;4218244303;8739449969;831687700;2623887532;546503262;4471464413;7158267523;3959019702;-1137091002
2024-03-06 18:30:00;3336292585;4218244303;8739449969;831687700;2623887532;546503262;4471464413;7158267523;3959019702;-1137091002
2024-03-06 18:45:00;3336292585;4218244303;8739449969;831687700;2623887532;546503262;4471464413;7158267523;3959019702;-1137091002
2024-03-06 19:00:00;3336292585;4218244303;8739449969;831687700;2623887532;546503262;4471464413;7158267523;3959019702;-1137091002
2024-03-06 19:15:00;3336292585;4218244303;8739449969;831687700;2623887532;546503262;4471464413;7158267523;3959019702;-1137091002
2024-03-06 19:30:00;3336292585;4218244303;8739449969;831687700;2623887532;546503262;4471464413;7158267523;3959019702;-1137091002
2024-03-06 19:45:00;3336292585;4218244303;8739449969;831687700;2623887532;546503262;4471464413;7158267523;3959019702;-1137091002
2024-03-06 20:00:00;3336292585;4218244303;8739449969;831687700;2623887532;546503262;4471464413;7158267523;3959019702;-1137091002
2024-03-06 20:15:00;3336292585;4218244303;8739449969;831687700;2623887532;546503262;4471464413;7158267523;3959019702;-1137091002
2024-03-06 20:30:00;3336292585;4218244303;8739449969;831687700;2623887532;546503262;4471464413;7158267523;3959019702;-1137091002
2024-03-06 20:45:00;3336292585;4218244303;8739449969;831687700;2623887532;546503262;4471464413;7158267523;3959019702;-1137091002
2024-03-06 21:00:00;3336292585;4218244303;8739449969;831687700;2623887532;546503262;4471464413;7158267523;3959019702;-1137091002
2024-03-06 21:15:00;3336292585;4218244303;8739449969;831687700;2623887532;546503262;4471464413;7158267523;3959019702;-1137091002
2024-03-06 21:30:00;3336292585;4218244303;8739449969;831687700;2623887532;546503262;4471464413;7158267523;3959019702;-1137091002
2024-03-06 21:45:00;3336292585;4218244303;8739449969;831687700;2623887532;546503262;4471464413;7158267523;3959019702;-1137091002
2024-03-06 22:00:00;3336292585;4218244303;8739449969;831687700;2623887532;546503262;4471464413;7158267523;3959019702;-1137091002
2024-03-06 22:15:00;3336292585;4218244303;8739449969;831687700;2623887532;546503262;4471464413;7158267523;3959019702;-1137091002
2024-03-06 22:30:00;3336292585;4218244303;8739449969;831687700;2623887532;546503262;4471464413;7158267523;3959019702;-1137091002
2024-03-06 22:45:00;3336292585;4218244303;8739449969;831687700;2623887532;546503262;4471464413;7158267523;3959019702;-1137091002
2024-03-06 23:00:00;3336292585;4218244303;8739449969;831687700;2623887532;546503262;4471464413;7158267523;3959019702;-1137091002
2024-03-06 23:15:00;3336292585;4218244303;8739449969;831687700;2623887532;546503262;4471464413;7158267523;3959019702;-1137091002
2024-03-06 23:30:00;3336292585;4218244303;8739449969;831687700;2623887532;546503262;4471464413;7158267523;3959019702;-1137091002
2024-03-06 23:45:00;3336292585;4218244303;8739449969;831687700;2623887532;546503262;4471464413;7158267523;3959019702;-1137091002
2024-03-07 00:00:00;3336292585;4218244303;8739449969;831687700;2623887532;546503262;4471464413;7158267523;3959019702;-1137091002
2024-03-07 00:15:00;2545179176;4719430597;8739449969;831687700;2623887532;836430378;4471464413;7158267523;3959019702;-1137091002
2024-03-07 00:30:00;2545179176;4719430597;8739449969;831687700;2623887532;836430378;4471464413;7158267523;3959019702;-1137091002
2024-03-07 00:45:00;2545179176;4719430597;8739449969;831687700;2623887532;836430378;4471464413;7158267523;3959019702;-1137091002
2024-03-07 01:00:00;2545179176;4719430597;8739449969;831687700;2623887532;836430378;4471464413;7158267523;3959019702;-1137091002
2024-03-07 01:15:00;2545179176;4719430597;8739449969;831687700;2623887532;836430378;4471464413;7158267523;3959019702;-1137091002
2024-03-07 01:30:00;2545179176;4719430597;8739449969;831687700;2623887532;836430378;4471464413;7158267523;3959019702;-1137091002
2024-03-07 01:45:00;2655764101;4719430597;8739449969;831687700;2513302607;836430378;4471464413;7158267523;3959019702;-1137091002
2024-03-07 02:00:00;2539730672;4719430597;8739449969;831687700;2513302607;836430378;4471464413;7274300952;3959019702;-1137091002
2024-03-07 02:15:00;2539730672;4719430597;8739449969;831687700;2513302607;836430378;4471464413;7274300952;3959019702;-1137091002
2024-03-07 02:30:00;2539730672;4719430597;8739449969;831687700;2513302607;836430378;4471464413;7274300952;3959019702;-1137091002
2024-03-07 02:45:00;2539730672;4719430597;8739449969;831687700;2513302607;836430378;4471464413;7274300952;3959019702;-1137091002
2024-03-07 03:00:00;2444231062;4719430597;8739449969;831687700;2513302607;836430378;4471464413;7369800562;3959019702;-1137091002
2024-03-07 03:15:00;2444231062;4719430597;8739449969;831687700;2513302607;836430378;4471464413;7369800562;3959019702;-1137091002
2024-03-07 03:30:00;2444231062;4719430597;8739449969;831687700;2513302607;836430378;4471464413;7369800562;3959019702;-1137091002
2024-03-07 03:45:00;2444231062;4719430597;8739449969;831687700;2513302607;836430378;4471464413;7369800562;3959019702;-1137091002
2024-03-07 04:00:00;2444231062;4719430597;8739449969;831687700;2513302607;836430378;4471464413;7369800562;3959019702;-1137091002
2024-03-07 04:15:00;2444231062;4719430597;8739449969;831687700;2513302607;836430378;4471464413;7369800562;3959019702;-1137091002
2024-03-07 04:30:00;2444231062;4719430597;8739449969;831687700;2513302607;836430378;4471464413;7369800562;3959019702;-1137091002
2024-03-07 04:45:00;2367324056;4719430597;8739449969;831687700;2513302607;913337384;4471464413;7369800562;3959019702;-1137091002
2024-03-07 05:00:00;2367324056;4719430597;8739449969;831687700;2513302607;913337384;4471464413;7369800562;3959019702;-1137091002
2024-03-07 05:15:00;2367324056;4719430597;8739449969;831687700;2513302607;913337384;4471464413;7369800562;3959019702;-1137091002
2024-03-07 05:30:00;2367324056;4719430597;8739449969;831687700;2513302607;913337384;4471464413;7369800562;3959019702;-1137091002
2024-03-07 05:45:00;2367324056;4719430597;8739449969;831687700;2513302607;913337384;4471464413;7369800562;3959019702;-1137091002
2024-03-07 06:00:00;2133394327;4719430597;8739449969;831687700;2513302607;913337384;4471464413;7603730291;3959019702;-1137091002
2024-03-07 06:15:00;2133394327;4719430597;8739449969;831687700;2513302607;913337384;4471464413;7603730291;3959019702;-1137091002
2024-03-07 06:30:00;2133394327;4719430597;8739449969;831687700;2513302607;913337384;4471464413;7603730291;3959019702;-1137091002
2024-03-07 06:45:00;2189877714;4662947210;8739449969;831687700;2513302607;913337384;4471464413;7603730291;3959019702;-1137091002
2024-03-07 07:00:00;2575115803;4662947210;8739449969;446449611;2513302607;913337384;4471464413;7603730291;3959019702;-1137091002
2024-03-07 07:15:00;2575115803;4662947210;8739449969;446449611;2513302607;913337384;4471464413;7603730291;3959019702;-1137091002
2024-03-07 07:30:00;2575115803;4662947210;8739449969;446449611;2513302607;913337384;4471464413;7603730291;3959019702;-1137091002
2024-03-07 07:45:00;2575115803;4662947210;8739449969;446449611;2513302607;913337384;4471464413;7603730291;3959019702;-1137091002
2024-03-07 08:00:00;2895961992;4662947210;8739449969;446449611;2513302607;913337384;4150618224;7603730291;3959019702;-1137091002
2024-03-07 08:15:00;2895961992;4662947210;8739449969;446449611;2513302607;913337384;4150618224;7603730291;3959019702;-1137091002
2024-03-07 08:30:00;2895961992;4662947210;8739449969;446449611;2513302607;913337384;4150618224;7603730291;3959019702;-1137091002
2024-03-07 08:45:00;2895961992;4662947210;8739449969;446449611;2513302607;913337384;4150618224;7603730291;3959019702;-1137091002
2024-03-07 09:00:00;2863688446;4662947210;8739449969;446449611;2513302607;913337384;4150618224;7636003837;3959019702;-1137091002
2024-03-07 09:15:00;2863688446;4662947210;8739449969;446449611;2513302607;913337384;4150618224;7636003837;3959019702;-1137091002
2024-03-07 09:30:00;2863688446;4662947210;8739449969;446449611;2513302607;913337384;4150618224;7636003837;3959019702;-1137091002
2024-03-07 09:45:00;2863688446;4662947210;8739449969;446449611;2513302607;913337384;4150618224;7636003837;3959019702;-1137091002
2024-03-07 10:00:00;2838078331;4662947210;8739449969;446449611;2513302607;913337384;4176228340;7636003837;3959019702;-1137091002
2024-03-07 10:15:00;2838078331;4662947210;8739449969;446449611;2513302607;913337384;4176228340;7636003837;3959019702;-1137091002
2024-03-07 10:30:00;2838078331;4662947210;8739449969;446449611;2513302607;913337384;4176228340;7636003837;3959019702;-1137091002
2024-03-07 10:45:00;2838078331;4662947210;8739449969;446449611;2513302607;913337384;4176228340;7636003837;3959019702;-1137091002
2024-03-07 11:00:00;2838078331;4662947210;8739449969;446449611;2513302607;913337384;4176228340;7636003837;3959019702;-1137091002
2024-03-07 11:15:00;2838078331;4662947210;8739449969;446449611;2513302607;913337384;4176228340;7636003837;3959019702;-1137091002
2024-03-07 11:30:00;2838078331;4662947210;8739449969;446449611;2513302607;913337384;4176228340;7636003837;3959019702;-1137091002
2024-03-07 11:45:00;2838078331;4662947210;8739449969;446449611;2513302607;913337384;4176228340;7636003837;3959019702;-1137091002
2024-03-07 12:00:00;2838078331;4662947210;8739449969;446449611;2513302607;913337384;4176228340;7636003837;3959019702;-1137091002
2024-03-07 12:15:00;2894950301;4662947210;8739449969;446449611;2513302607;913337384;4176228340;7579131866;3959019702;-1137091002
2024-03-07 12:30:00;2894950301;4662947210;8739449969;446449611;2513302607;913337384;4176228340;7579131866;3959019702;-1137091002
2024-03-07 12:45:00;2894950301;4662947210;8739449969;446449611;2513302607;913337384;4176228340;7579131866;3959019702;-1137091002
2024-03-07 13:00:00;2894950301;4662947210;8739449969;446449611;2513302607;913337384;4176228340;7579131866;3959019702;-1137091002
2024-03-07 13:15:00;2894950301;4662947210;8739449969;446449611;2513302607;913337384;4176228340;7579131866;3959019702;-1137091002
2024-03-07 13:30:00;2894950301;4662947210;8739449969;446449611;2513302607;913337384;4176228340;7579131866;3959019702;-1137091002
2024-03-07 13:45:00;2894950301;4662947210;8739449969;446449611;2513302607;913337384;4176228340;7579131866;3959019702;-1137091002
2024-03-07 14:00:00;2894950301;4662947210;8739449969;446449611;2513302607;913337384;4176228340;7579131866;3959019702;-1137091002
2024-03-07 14:15:00;2894950301;4662947210;8739449969;446449611;2513302607;913337384;4176228340;7579131866;3959019702;-1137091002
2024-03-07 14:30:00;2894950301;4662947210;8739449969;446449611;2513302607;913337384;4176228340;7579131866;3959019702;-1137091002
2024-03-07 14:45:00;2894950301;4662947210;8739449969;446449611;2513302607;913337384;4176228340;7579131866;3959019702;-1137091002
2024-03-07 15:00:00;2894950301;4662947210;8739449969;446449611;2513302607;913337384;4176228340;7579131866;3959019702;-1137091002
2024-03-07 15:15:00;2894950301;4662947210;8739449969;446449611;2513302607;913337384;4176228340;7579131866;3959019702;-1137091002
2024-03-07 15:30:00;2894950301;4662947210;8739449969;446449611;2513302607;913337384;4176228340;7579131866;3959019702;-1137091002
2024-03-07 15:45:00;2894950301;4662947210;8739449969;446449611;2513302607;913337384;4176228340;7579131866;3959019702;-1137091002
2024-03-07 16:00:00;2894950301;4662947210;8739449969;446449611;2513302607;913337384;4176228340;7579131866;3959019702;-1137091002
2024-03-07 16:15:00;2894950301;4662947210;8739449969;446449611;2513302607;913337384;4176228340;7579131866;3959019702;-1137091002
2024-03-07 16:30:00;3099996758;4662947210;8534403512;446449611;2513302607;913337384;4176228340;7579131866;3959019702;-1137091002
2024-03-07 16:45:00;3099996758;4662947210;8534403512;446449611;2513302607;913337384;4176228340;7579131866;3959019702;-1137091002
2024-03-07 17:00:00;3099996758;4662947210;8534403512;446449611;2513302607;913337384;4176228340;7579131866;3959019702;-1137091002
2024-03-07 17:15:00;3099996758;4662947210;8534403512;446449611;2513302607;913337384;4176228340;7579131866;3959019702;-1137091002
2024-03-07 17:30:00;3099996758;4662947210;8534403512;446449611;2513302607;913337384;4176228340;7579131866;3959019702;-1137091002
2024-03-07 17:45:00;3099996758;4662947210;8534403512;446449611;2513302607;913337384;4176228340;7579131866;3959019702;-1137091002
2024-03-07 18:00:00;3099996758;4662947210;8534403512;446449611;2513302607;913337384;4176228340;7579131866;3959019702;-1137091002
2024-03-07 18:15:00;3099996758;4662947210;8534403512;446449611;2513302607;913337384;4176228340;7579131866;3959019702;-1137091002
2024-03-07 18:30:00;3099996758;4662947210;8534403512;446449611;2513302607;913337384;4176228340;7579131866;3959019702;-1137091002
2024-03-07 18:45:00;3099996758;4662947210;8534403512;446449611;2513302607;913337384;4176228340;7579131866;3959019702;-1137091002
2024-03-07 19:00:00;3099996758;4662947210;8534403512;446449611;2513302607;913337384;4176228340;7579131866;3959019702;-1137091002
2024-03-07 19:15:00;3190296418;4662947210;8534403512;446449611;2513302607;913337384;4176228340;7579131866;3868720042;-1137091002
2024-03-07 19:30:00;3190296418;4662947210;8534403512;446449611;2513302607;913337384;4176228340;7579131866;3868720042;-1137091002
2024-03-07 19:45:00;3190296418;4662947210;8534403512;446449611;2513302607;913337384;4176228340;7579131866;3868720042;-1137091002
2024-03-07 20:00:00;3190296418;4662947210;8534403512;446449611;2513302607;913337384;4176228340;7579131866;3868720042;-1137091002
2024-03-07 20:15:00;3190296418;4662947210;8534403512;446449611;2513302607;913337384;4176228340;7579131866;3868720042;-1137091002
2024-03-07 20:30:00;3190296418;4662947210;8534403512;446449611;2513302607;913337384;4176228340;7579131866;3868720042;-1137091002
2024-03-07 20:45:00;3190296418;4662947210;8534403512;446449611;2513302607;913337384;4176228340;7579131866;3868720042;-1137091002
2024-03-07 21:00:00;3190296418;4662947210;8534403512;446449611;2513302607;913337384;4176228340;7579131866;3868720042;-1137091002
2024-03-07 21:15:00;3190296418;4662947210;8534403512;446449611;2513302607;913337384;4176228340;7579131866;3868720042;-1137091002
2024-03-07 21:30:00;3190296418;4662947210;8534403512;446449611;2513302607;913337384;4176228340;7579131866;3868720042;-1137091002
2024-03-07 21:45:00;3190296418;4662947210;8534403512;446449611;2513302607;913337384;4176228340;7579131866;3868720042;-1137091002
2024-03-07 22:00:00;3190296418;4662947210;8534403512;446449611;2513302607;913337384;4176228340;7579131866;3868720042;-1137091002
2024-03-07 22:15:00;3190296418;4662947210;8534403512;446449611;2513302607;913337384;4176228340;7579131866;3868720042;-1137091002
2024-03-07 22:30:00;3190296418;4662947210;8534403512;446449611;2513302607;913337384;4176228340;7579131866;3868720042;-1137091002
2024-03-07 22:45:00;3190296418;4662947210;8534403512;446449611;2513302607;913337384;4176228340;7579131866;3868720042;-1137091002
2024-03-07 23:00:00;3190296418;4662947210;8534403512;446449611;2513302607;913337384;4176228340;7579131866;3868720042;-1137091002
2024-03-07 23:15:00;3190296418;4662947210;8534403512;446449611;2513302607;913337384;4176228340;7579131866;3868720042;-1137091002
2024-03-07 23:30:00;3190296418;4662947210;8534403512;446449611;2513302607;913337384;4176228340;7579131866;3868720042;-1137091002
2024-03-07 23:45:00;3190296418;4662947210;8534403512;446449611;2513302607;913337384;4176228340;7579131866;3868720042;-1137091002
2024-03-08 00:00:00;3190296418;4662947210;8534403512;446449611;2513302607;913337384;4176228340;7579131866;3868720042;-1137091002
2024-03-08 00:15:00;3244512119;4662947210;8349996142;736767914;2478896077;1056752425;3907093195;7579131866;3868720042;-1137091002
2024-03-08 00:30:00;3244512119;4662947210;8349996142;736767914;2478896077;1056752425;3907093195;7579131866;3868720042;-1137091002
2024-03-08 00:45:00;3244512119;4662947210;8349996142;736767914;2478896077;1056752425;3907093195;7579131866;3868720042;-1137091002
2024-03-08 01:00:00;3244512119;4662947210;8349996142;736767914;2478896077;1056752425;3907093195;7579131866;3868720042;-1137091002
2024-03-08 01:15:00;3244512119;4662947210;8349996142;736767914;2478896077;1056752425;3907093195;7579131866;3868720042;-1137091002
2024-03-08 01:30:00;3244512119;4662947210;8349996142;736767914;2478896077;1056752425;3907093195;7579131866;3868720042;-1137091002
2024-03-08 01:45:00;3244512119;4662947210;8349996142;736767914;2478896077;1056752425;3907093195;7579131866;3868720042;-1137091002
2024-03-08 02:00:00;3244512119;4662947210;8349996142;736767914;2478896077;1056752425;3907093195;7579131866;3868720042;-1137091002
2024-03-08 02:15:00;3004879194;4662947210;8349996142;736767914;2718529001;1056752425;3907093195;7579131866;3868720042;-1137091002
2024-03-08 02:30:00;3004879194;4662947210;8349996142;736767914;2718529001;1056752425;3907093195;7579131866;3868720042;-1137091002
2024-03-08 02:45:00;3004879194;4662947210;8349996142;736767914;2718529001;1056752425;3907093195;7579131866;3868720042;-1137091002
2024-03-08 03:00:00;3004879194;4662947210;8349996142;736767914;2718529001;1056752425;3907093195;7579131866;3868720042;-1137091002
2024-03-08 03:15:00;3004879194;4662947210;8349996142;736767914;2718529001;1056752425;3907093195;7579131866;3868720042;-1137091002
2024-03-08 03:30:00;3004879194;4662947210;8349996142;736767914;2718529001;1056752425;3907093195;7579131866;3868720042;-1137091002
2024-03-08 03:45:00;2714265751;4662947210;8349996142;1027381358;2718529001;1056752425;3907093195;7579131866;3868720042;-1137091002
2024-03-08 04:00:00;2714265751;4662947210;8349996142;1027381358;2718529001;1056752425;3907093195;7579131866;3868720042;-1137091002
2024-03-08 04:15:00;2467052126;4662947210;8349996142;1274594982;2718529001;1056752425;3907093195;7579131866;3868720042;-1137091002
2024-03-08 04:30:00;2503303957;4662947210;8349996142;1274594982;2718529001;1056752425;3907093195;7542880036;3868720042;-1137091002
2024-03-08 04:45:00;2503303957;4662947210;8349996142;1274594982;2718529001;1056752425;3907093195;7542880036;3868720042;-1137091002
2024-03-08 05:00:00;2503303957;4662947210;8349996142;1274594982;2718529001;1056752425;3907093195;7542880036;3868720042;-1137091002
2024-03-08 05:15:00;2503303957;4662947210;8349996142;1274594982;2718529001;1056752425;3907093195;7542880036;3868720042;-1137091002
2024-03-08 05:30:00;2503303957;4662947210;8349996142;1274594982;2718529001;1056752425;3907093195;7542880036;3868720042;-1137091002
2024-03-08 05:45:00;2503303957;4662947210;8349996142;1274594982;2718529001;1056752425;3907093195;7542880036;3868720042;-1137091002
2024-03-08 06:00:00;2503303957;4662947210;8349996142;1274594982;2718529001;1056752425;3907093195;7542880036;3868720042;-1137091002
2024-03-08 06:15:00;2503303957;4662947210;8349996142;1274594982;2718529001;1056752425;3907093195;7542880036;3868720042;-1137091002
2024-03-08 06:30:00;2306552269;4662947210;8349996142;1471346670;2718529001;1056752425;3907093195;7542880036;3868720042;-1137091002
2024-03-08 06:45:00;2306552269;4662947210;8349996142;1471346670;2718529001;1056752425;3907093195;7542880036;3868720042;-1137091002
2024-03-08 07:00:00;2306552269;4662947210;8349996142;1471346670;2718529001;1056752425;3907093195;7542880036;3868720042;-1137091002
2024-03-08 07:15:00;2306552269;4662947210;8349996142;1471346670;2718529001;1056752425;3907093195;7542880036;3868720042;-1137091002
2024-03-08 07:30:00;2306552269;4662947210;8349996142;1471346670;2718529001;1056752425;3907093195;7542880036;3868720042;-1137091002
2024-03-08 07:45:00;2306552269;4662947210;8349996142;1471346670;2718529001;1056752425;3907093195;7542880036;3868720042;-1137091002
2024-03-08 08:00:00;2306552269;4662947210;8349996142;1471346670;2718529001;1056752425;3907093195;7542880036;3868720042;-1137091002
2024-03-08 08:15:00;2306552269;4662947210;8349996142;1471346670;2718529001;1056752425;3907093195;7542880036;3868720042;-1137091002
2024-03-08 08:30:00;2306552269;4662947210;8349996142;1471346670;2718529001;1056752425;3907093195;7542880036;3868720042;-1137091002
2024-03-08 08:45:00;2306552269;4662947210;8349996142;1471346670;2718529001;1056752425;3907093195;7542880036;3868720042;-1137091002
2024-03-08 09:00:00;2306552269;4662947210;8349996142;1471346670;2718529001;1056752425;3907093195;7542880036;3868720042;-1137091002
2024-03-08 09:15:00;2306552269;4662947210;8349996142;1471346670;2718529001;1056752425;3907093195;7542880036;3868720042;-1137091002
2024-03-08 09:30:00;2306552269;4662947210;8349996142;1471346670;2718529001;1056752425;3907093195;7542880036;3868720042;-1137091002
2024-03-08 09:45:00;2306552269;4662947210;8349996142;1471346670;2718529001;1056752425;3907093195;7542880036;3868720042;-1137091002
2024-03-08 10:00:00;1970895443;4662947210;8349996142;1471346670;2718529001;1056752425;4242750021;7542880036;3868720042;-1137091002
2024-03-08 10:15:00;1970895443;4662947210;8349996142;1471346670;2718529001;1056752425;4242750021;7542880036;3868720042;-1137091002
2024-03-08 10:30:00;1970895443;4662947210;8349996142;1471346670;2718529001;1056752425;4242750021;7542880036;3868720042;-1137091002
2024-03-08 10:45:00;1970895443;4662947210;8349996142;1471346670;2718529001;1056752425;4242750021;7542880036;3868720042;-1137091002
2024-03-08 11:00:00;1970895443;4662947210;8349996142;1471346670;2718529001;1056752425;4242750021;7542880036;3868720042;-1137091002
2024-03-08 11:15:00;2053261010;4580581642;8349996142;1471346670;2718529001;1056752425;4242750021;7542880036;3868720042;-1137091002
2024-03-08 11:30:00;2053261010;4580581642;8349996142;1471346670;2718529001;1056752425;4242750021;7542880036;3868720042;-1137091002
2024-03-08 11:45:00;2053261010;4580581642;8349996142;1471346670;2718529001;1056752425;4242750021;7542880036;3868720042;-1137091002
2024-03-08 12:00:00;1860793548;4580581642;8349996142;1471346670;2910996464;1056752425;4242750021;7542880036;3868720042;-1137091002
2024-03-08 12:15:00;1860793548;4580581642;8349996142;1471346670;2910996464;1056752425;4242750021;7542880036;3868720042;-1137091002
2024-03-08 12:30:00;1860793548;4580581642;8349996142;1471346670;2910996464;1056752425;4242750021;7542880036;3868720042;-1137091002
2024-03-08 12:45:00;1860793548;4580581642;8349996142;1471346670;2910996464;1056752425;4242750021;7542880036;3868720042;-1137091002
2024-03-08 13:00:00;1996220008;4580581642;8349996142;1471346670;2910996464;1056752425;4242750021;7542880036;3733293582;-1137091002
2024-03-08 13:15:00;1996220008;4580581642;8349996142;1471346670;2910996464;1056752425;4242750021;7542880036;3733293582;-1137091002
2024-03-08 13:30:00;1996220008;4580581642;8349996142;1471346670;2910996464;1056752425;4242750021;7542880036;3733293582;-1137091002
2024-03-08 13:45:00;2056802791;4580581642;8349996142;1471346670;2910996464;996169642;4242750021;7542880036;3733293582;-1137091002
2024-03-08 14:00:00;2056802791;4580581642;8349996142;1471346670;2910996464;996169642;4242750021;7542880036;3733293582;-1137091002
2024-03-08 14:15:00;2056802791;4580581642;8349996142;1471346670;2910996464;996169642;4242750021;7542880036;3733293582;-1137091002
2024-03-08 14:30:00;2059350400;4580581642;8349996142;1471346670;2910996464;782664573;4453707480;7542880036;3733293582;-1137091002
2024-03-08 14:45:00;2059350400;4580581642;8349996142;1471346670;2910996464;782664573;4453707480;7542880036;3733293582;-1137091002
2024-03-08 15:00:00;2059350400;4580581642;8349996142;1471346670;2910996464;782664573;4453707480;7542880036;3733293582;-1137091002
2024-03-08 15:15:00;2059350400;4580581642;8349996142;1471346670;2910996464;782664573;4453707480;7542880036;3733293582;-1137091002
2024-03-08 15:30:00;2059350400;4580581642;8349996142;1471346670;2910996464;782664573;4453707480;7542880036;3733293582;-1137091002
2024-03-08 15:45:00;2059350400;4580581642;8349996142;1471346670;2910996464;782664573;4453707480;7542880036;3733293582;-1137091002
2024-03-08 16:00:00;2059350400;4580581642;8349996142;1471346670;2910996464;782664573;4453707480;7542880036;3733293582;-1137091002
2024-03-08 16:15:00;2059350400;4580581642;8349996142;1471346670;2910996464;782664573;4453707480;7542880036;3733293582;-1137091002
2024-03-08 16:30:00;2059350400;4580581642;8349996142;1471346670;2910996464;782664573;4453707480;7542880036;3733293582;-1137091002
2024-03-08 16:45:00;2059350400;4580581642;8349996142;1471346670;2910996464;782664573;4453707480;7542880036;3733293582;-1137091002
2024-03-08 17:00:00;2059350400;4580581642;8349996142;1471346670;2910996464;782664573;4453707480;7542880036;3733293582;-1137091002
2024-03-08 17:15:00;2059350400;4580581642;8349996142;1471346670;2910996464;782664573;4453707480;7542880036;3733293582;-1137091002
2024-03-08 17:30:00;2059350400;4580581642;8349996142;1471346670;2910996464;782664573;4453707480;7542880036;3733293582;-1137091002
2024-03-08 17:45:00;2424591560;4580581642;8349996142;1471346670;2910996464;417423413;4453707480;7542880036;3733293582;-1137091002
2024-03-08 18:00:00;2424591560;4580581642;8349996142;1471346670;2910996464;417423413;4453707480;7542880036;3733293582;-1137091002
2024-03-08 18:15:00;2424591560;4580581642;8349996142;1471346670;2910996464;417423413;4453707480;7542880036;3733293582;-1137091002
2024-03-08 18:30:00;2147426184;4580581642;8349996142;1471346670;2910996464;417423413;4453707480;7820045412;3733293582;-1137091002
2024-03-08 18:45:00;1983021436;4744986390;8349996142;1471346670;2910996464;417423413;4453707480;7820045412;3733293582;-1137091002
2024-03-08 19:00:00;2216592395;4744986390;8349996142;1471346670;2910996464;417423413;4220136521;7820045412;3733293582;-1137091002
2024-03-08 19:15:00;2216592395;4744986390;8349996142;1471346670;2910996464;417423413;4220136521;7820045412;3733293582;-1137091002
2024-03-08 19:30:00;2216592395;4744986390;8349996142;1471346670;2910996464;417423413;4220136521;7820045412;3733293582;-1137091002
2024-03-08 19:45:00;2216592395;4744986390;8349996142;1471346670;2910996464;417423413;4220136521;7820045412;3733293582;-1137091002
2024-03-08 20:00:00;2216592395;4744986390;8349996142;1471346670;2910996464;417423413;4220136521;7820045412;3733293582;-1137091002
2024-03-08 20:15:00;2216592395;4744986390;8349996142;1471346670;2910996464;417423413;4220136521;7820045412;3733293582;-1137091002
2024-03-08 20:30:00;2216592395;4744986390;8349996142;1471346670;2910996464;417423413;4220136521;7820045412;3733293582;-1137091002
2024-03-08 20:45:00;2216592395;4744986390;8349996142;1471346670;2910996464;417423413;4220136521;7820045412;3733293582;-1137091002
2024-03-08 21:00:00;2216592395;4744986390;8349996142;1471346670;2910996464;417423413;4220136521;7820045412;3733293582;-1137091002
2024-03-08 21:15:00;2216592395;4744986390;8349996142;1471346670;2910996464;417423413;4220136521;7820045412;3733293582;-1137091002
2024-03-08 21:30:00;2216592395;4744986390;8349996142;1471346670;2910996464;417423413;4220136521;7820045412;3733293582;-1137091002
2024-03-08 21:45:00;2216592395;4744986390;8349996142;1471346670;2910996464;417423413;4220136521;7820045412;3733293582;-1137091002
2024-03-08 22:00:00;2216592395;4744986390;8349996142;1471346670;2910996464;417423413;4220136521;7820045412;3733293582;-1137091002
2024-03-08 22:15:00;2216592395;4744986390;8349996142;1471346670;2910996464;417423413;4220136521;7820045412;3733293582;-1137091002
2024-03-08 22:30:00;2216592395;4744986390;8349996142;1471346670;2910996464;417423413;4220136521;7820045412;3733293582;-1137091002
2024-03-08 22:45:00;2216592395;4744986390;8349996142;1471346670;2910996464;417423413;4220136521;7820045412;3733293582;-1137091002
2024-03-08 23:00:00;2216592395;4744986390;8349996142;1471346670;2910996464;417423413;4220136521;7820045412;3733293582;-1137091002
2024-03-08 23:15:00;2216592395;4744986390;8349996142;1471346670;2910996464;417423413;4220136521;7820045412;3733293582;-1137091002
2024-03-08 23:30:00;2216592395;4744986390;8349996142;1471346670;2910996464;417423413;4220136521;7820045412;3733293582;-1137091002
2024-03-08 23:45:00;2216592395;4744986390;8349996142;1471346670;2910996464;417423413;4220136521;7820045412;3733293582;-1137091002
2024-03-08 23:59:59;2216592395;4744986390;8349996142;1471346670;2910996464;417423413;4220136521;7820045412;3733293582;-1137091002
